image_id,class_id,x_center,y_center,width,height,confidence
00000_00006_00004_png.rf.f3eaa594302a3387574994936ac8af80.jpg,6,0.4948253,0.5094449,0.5729723,0.6019050,0.9184300
001603_JPG_jpg.rf.d7ff42753708b2cd74195e8e463d3e2c.jpg,1,0.4834358,0.1321997,0.3773040,0.1031767,0.9093099
road811_png.rf.e8ae9aefbf35658164ee88a52ed39bd8.jpg,13,0.4536167,0.5137104,0.1739825,0.1317552,0.9566631
001479_jpg.rf.61b4e3eab9b3daa20c770dafec663c97.jpg,5,0.5061074,0.4619548,0.5462797,0.7720962,0.9361875
road320_png.rf.65f55afb9e0eb549cb01be72786c8b42.jpg,8,0.6131788,0.5991865,0.1637845,0.1208505,0.9181855
00003_00026_00011_png.rf.33d98e9ee599a39d6f2b819682707a5a.jpg,10,0.5318825,0.5397555,0.5594090,0.5967557,0.9430192
00000_00000_00024_png.rf.8b21eb79678eed47df52a9ab4319bc08.jpg,6,0.5107450,0.5066207,0.8202915,0.8222133,0.9516250
000216_jpg.rf.ba4ecb747ec69d54c3a1690dcf5f5b3a.jpg,8,0.4698774,0.2772346,0.3932682,0.2270956,0.9348739
road582_png.rf.930fbae49546d10b46e1f533c4e0a291.jpg,1,0.6445295,0.6243269,0.0532640,0.1071961,0.7620342
000286_jpg.rf.48a1be45c5db5656f2bacf687164c529.jpg,11,0.3806376,0.4865404,0.4547763,0.8619122,0.7329183
000703_jpg.rf.2999e1a86a880c30b97644b227648d36.jpg,13,0.4995684,0.3714775,0.5091297,0.5740229,0.9477020
FisheyeCamera_1_00480_png.rf.ff94615495e0c4eb7cd3a1cfce3cf2cd.jpg,3,0.9514412,0.4968549,0.0132751,0.0287874,0.7391465
FisheyeCamera_1_00480_png.rf.ff94615495e0c4eb7cd3a1cfce3cf2cd.jpg,0,0.5022253,0.4128190,0.0194609,0.0110710,0.5846807
road289_png.rf.ba6012fe8a27d9f53d8d66bb29db5ad8.jpg,14,0.3497733,0.4598941,0.2742972,0.2186803,0.9277852
road289_png.rf.ba6012fe8a27d9f53d8d66bb29db5ad8.jpg,0,0.9072852,0.8984947,0.1854296,0.2027911,0.8873274
FisheyeCamera_1_00028_png.rf.f6f0a58dd52d1cf0fe75c8496a37b067.jpg,6,0.2009392,0.4991838,0.0240008,0.0561186,0.8532299
FisheyeCamera_1_00028_png.rf.f6f0a58dd52d1cf0fe75c8496a37b067.jpg,0,0.4513584,0.5054944,0.0077443,0.0038795,0.6375403
00003_00026_00022_png.rf.f67190b7724f3871c19569e098d5cc02.jpg,10,0.5323796,0.5082701,0.6722594,0.6998704,0.9464852
182a7c98-60cb-46a4-a89b-ad3500515c3a_jpg.rf.2a5a1477064c1cd7dbe34e2e9a982a9e.jpg,0,0.5217267,0.4820184,0.8279245,0.9482481,0.8928597
road51_png.rf.049d6ceefd959818a9f59c81f8d1387a.jpg,0,0.5508714,0.4999011,0.1332634,0.3118339,0.8769873
000300_jpg.rf.5013849426466f43fb71333c9d7e208b.jpg,10,0.2921665,0.6722366,0.2432285,0.3839783,0.9409269
FisheyeCamera_1_00100_png.rf.683a106328c4647fb8dcd00c1c2af90f.jpg,7,0.2210840,0.5284927,0.0098025,0.0175786,0.5744475
FisheyeCamera_1_00100_png.rf.683a106328c4647fb8dcd00c1c2af90f.jpg,1,0.4230190,0.4736538,0.0112421,0.0055522,0.4129153
000867_JPG_jpg.rf.0961b153fd2cdd7f71455ca70b9226fc.jpg,0,0.3876484,0.1168907,0.1703127,0.0613128,0.8044674
000191_jpg.rf.055356915ad47ae7e1c0ded839d6c748.jpg,9,0.6868653,0.4163874,0.3569014,0.5074266,0.9315765
00002_00065_00005_png.rf.f156b51c34d4fe59f4f1981ecab62ed0.jpg,9,0.5151601,0.5261011,0.6579499,0.7034868,0.9440115
road321_png.rf.f9c13308da074b8ee78f43f6c7ea54f3.jpg,8,0.5175441,0.4805741,0.1388072,0.1039638,0.9061508
000923_JPG_jpg.rf.f4e893778e08329a2b43abaef002f29e.jpg,0,0.3090916,0.2508917,0.0762588,0.0460765,0.7987580
00005_00014_00017_png.rf.ed92831e745be7167ec08c3f6d416b7d.jpg,12,0.5174400,0.4899223,0.6667782,0.6931905,0.9515166
001068_jpg.rf.371ec28b0d2bbbd16c8a645be41f5a76.jpg,1,0.5541484,0.0915833,0.0249242,0.0998956,0.7324689
001068_jpg.rf.371ec28b0d2bbbd16c8a645be41f5a76.jpg,1,0.1994149,0.1067267,0.0248164,0.1132198,0.6716698
FisheyeCamera_1_00036_png.rf.a4fcf0fd896e50b389c7a93fae4d3a07.jpg,6,0.5825541,0.5272900,0.0279604,0.0386287,0.4069087
000741_jpg.rf.48077831b42aa2a01691cd30be5da048.jpg,13,0.6756546,0.3334048,0.3986321,0.6668095,0.9383605
00003_00002_00016_png.rf.f31757e4e66bdf3dd7c10888f14ba7c6.jpg,10,0.5520164,0.5000615,0.6545021,0.6919556,0.9398183
00008_00003_00002_png.rf.70816dfa48b29ed84d1abcb9bb09bf70.jpg,5,0.5675248,0.5418124,0.5249032,0.5226100,0.9194283
00001_00059_00004_png.rf.74b0bb0dc2200bf50c665e4b2017a9cf.jpg,7,0.5380770,0.5078807,0.6297661,0.6514803,0.9378029
00003_00038_00015_png.rf.68af73eb3c3267953582146c619d7c25.jpg,10,0.5396963,0.5009343,0.6582956,0.6728653,0.9454883
00002_00063_00008_png.rf.42b7f6b82f752ce45b8a4128928bea6b.jpg,9,0.5307027,0.5356732,0.5618798,0.5771905,0.9208617
road450_png.rf.4066ba8e8ac659692b69cbcf144c575f.jpg,10,0.4792852,0.4433877,0.1510574,0.1151198,0.9353659
001250_jpg.rf.157a04c81cbb47009538b4880d0004c9.jpg,4,0.4952719,0.4599228,0.4215086,0.6092962,0.8469414
002188_jpg.rf.0c0627398b64450d4f392c77290207fe.jpg,1,0.7213577,0.3279864,0.3410204,0.1588898,0.9043234
000831_jpg.rf.09392428bf69f0de8c937caec3590319.jpg,7,0.5054522,0.3851337,0.0858574,0.1710593,0.8947276
road402_png.rf.8b57601c39d08578c3fba71d26f6dd1a.jpg,13,0.4236885,0.6602408,0.1109763,0.0851300,0.9368858
road59_png.rf.f43173a745a9712aebbbc8f919e0fff6.jpg,14,0.6962273,0.5014566,0.4781425,0.6319043,0.9654617
road654_png.rf.dccac1ff09c216df1ecd3c90e1d3923b.jpg,10,0.1378415,0.5220994,0.0564575,0.0434242,0.9382483
road654_png.rf.dccac1ff09c216df1ecd3c90e1d3923b.jpg,8,0.4258910,0.4996767,0.0847208,0.0616227,0.9338232
FisheyeCamera_1_00012_png.rf.72d6e678caad674f4fe8c948471cf743.jpg,6,0.3310201,0.5191541,0.0309906,0.0440704,0.5571584
road576_png.rf.f46db39f9f64118df1377c6196897c25.jpg,8,0.2566715,0.3330354,0.1249996,0.0919595,0.9497302
00004_00038_00011_png.rf.e8a8cb47ee1d09d447e63dd630056862.jpg,11,0.5055802,0.4890671,0.5383168,0.5472610,0.9314055
000652_jpg.rf.2d13be3464e928dde8d4e3a7ed638236.jpg,12,0.6365228,0.5315678,0.0780881,0.1172623,0.9505641
000223_jpg.rf.dbc866e5b7c69cf418e6bcca0e66e50b.jpg,8,0.6471294,0.4408280,0.5785220,0.7494959,0.9366735
00004_00030_00003_png.rf.31ed58359e92300b61de2440b5f38d1a.jpg,11,0.5415995,0.5368819,0.5393120,0.5253518,0.9242545
road716_png.rf.b9085b6c292ddd763a6e1481465dd3cd.jpg,3,0.5309054,0.5490744,0.0637468,0.0444214,0.8248731
road716_png.rf.b9085b6c292ddd763a6e1481465dd3cd.jpg,5,0.6201260,0.5530401,0.0665561,0.0495142,0.6174666
road420_png.rf.4db7dbd13a7b9c37ddddb7df9adf0834.jpg,13,0.5338859,0.6154200,0.2003137,0.1567891,0.9546526
000592_jpg.rf.7264e25a590f878fcb39467d550219de.jpg,12,0.7127781,0.3850587,0.4932373,0.7689682,0.9568313
00001_00025_00025_png.rf.9556a94e4da441bd05e548d86099c3c0.jpg,7,0.5091406,0.5086012,0.7647468,0.7887668,0.9554244
001693_JPG_jpg.rf.9c74f3077d05257d04e7a58a48642fe0.jpg,1,0.5329644,0.3181846,0.2230774,0.1179082,0.9258475
00014_00005_00004_png.rf.a5fc79eb6e949f3b096df8ccc70d188f.jpg,14,0.5204060,0.5255163,0.7649054,0.7760371,0.9537022
000938_JPG_jpg.rf.bf51e9c0b4a1d133c3e73bf56c2d2062.jpg,0,0.3624957,0.1925616,0.1175632,0.0655138,0.8746237
00002_00017_00026_png.rf.0e0c876d62e868e7b8bbea45c2854b90.jpg,9,0.4962869,0.5110904,0.7535834,0.7995149,0.9511081
FisheyeCamera_1_00022_png.rf.783465f75a2393c7aaa0ec3c3cd3ed4d.jpg,6,0.3388083,0.5285738,0.0181891,0.0314715,0.9428327
0590a57d-491c-4322-b287-594d5511e79b_jpg.rf.654f0a4f98fad473e55cc437d1c9d902.jpg,0,0.4520458,0.5611420,0.5570218,0.7953835,0.8212914
00000_00003_00011_png.rf.7d5f2a85458f70654be03f2a2cd47c06.jpg,6,0.5343931,0.5150655,0.6210278,0.6306041,0.9489472
road488_png.rf.d96ab5854f2c6a2137b4005752cadeec.jpg,12,0.6733145,0.3600832,0.1268251,0.0990353,0.8982836
FisheyeCamera_1_01086_png.rf.dd1b44b6d6e2e2da3f3f6ab8f823bc01.jpg,1,0.7794491,0.5023566,0.0100046,0.0281213,0.6645433
00003_00027_00025_png.rf.4c1fd45a0b5f0f724237f83b7d47c499.jpg,10,0.5380670,0.5076455,0.7564432,0.7723723,0.9456476
000514_jpg.rf.b0d6f6a9a9a1c36ac223b9185a3cfed6.jpg,11,0.7144604,0.2630561,0.0829044,0.1072978,0.7808068
000175_jpg.rf.3690880bd7e62c2260306322a3762cc7.jpg,9,0.6043081,0.4031306,0.2810460,0.4243296,0.9477630
000079_jpg.rf.4f001472f7893131e04b4bc151a1bbe6.jpg,7,0.4797543,0.4271581,0.4417034,0.6191753,0.9447091
000129_jpg.rf.549b104a7fd5f8171f046d77ca7ddae7.jpg,9,0.6482429,0.5352130,0.5290607,0.5596715,0.9504473
00005_00044_00001_png.rf.b18c5a51d57be6cfa719c741ecba5d63.jpg,12,0.5241876,0.5186638,0.5860679,0.6352320,0.9409862
000383_jpg.rf.070efbd57b6f1e61ece84acca33ec797.jpg,10,0.5982593,0.4338241,0.1572176,0.2268873,0.9209896
00001_00033_00013_png.rf.7df949e59990e9dabfbc631176beada9.jpg,7,0.5523716,0.5676930,0.6238454,0.6501340,0.9424823
001214_jpg.rf.85dbeddc5609d79293b1f979131a9f35.jpg,4,0.4831314,0.3641057,0.4999770,0.3361554,0.9389480
000722_jpg.rf.9bee48a5dc22112fb5a705192fd54d45.jpg,8,0.5013012,0.6263427,0.1596480,0.1999768,0.9066894
000722_jpg.rf.9bee48a5dc22112fb5a705192fd54d45.jpg,13,0.5057282,0.3245593,0.1653913,0.2328195,0.5718688
000753_jpg.rf.23d05489386c3399c5d26ac779015d26.jpg,13,0.6491984,0.7375317,0.1069649,0.1576797,0.9168819
000854_JPG_jpg.rf.c2dbb2abedf6e49d74effc7a8945ed99.jpg,0,0.8358008,0.3056760,0.0810482,0.0399583,0.8146840
000854_JPG_jpg.rf.c2dbb2abedf6e49d74effc7a8945ed99.jpg,0,0.0364046,0.4183188,0.0728092,0.0380110,0.7851704
road11_png.rf.40b76142a629faa238c042bcb209cc27.jpg,0,0.4931144,0.3867946,0.0420891,0.1170522,0.6107850
road11_png.rf.40b76142a629faa238c042bcb209cc27.jpg,0,0.8138088,0.6024339,0.0436194,0.1415776,0.5733959
FisheyeCamera_1_00382_png.rf.da9f23f9bb25ab0a204cb881a5ccf798.jpg,13,0.0550074,0.4986367,0.0132938,0.0268148,0.8528284
001291_jpg.rf.c0ea8c600fa9219527f23947a8f0e7ec.jpg,4,0.3131227,0.2979511,0.2338997,0.3249135,0.9525383
road38_png.rf.8b6e15b041aab397eb10b38728fa1e15.jpg,1,0.7231914,0.7313035,0.1814140,0.4367873,0.8250173
road38_png.rf.8b6e15b041aab397eb10b38728fa1e15.jpg,1,0.1336880,0.1981434,0.1124393,0.3952704,0.4812991
000792_jpg.rf.3899b0ef3229b4f18a7954698cc40c92.jpg,0,0.3679903,0.2356721,0.0172844,0.0677447,0.7373089
000792_jpg.rf.3899b0ef3229b4f18a7954698cc40c92.jpg,1,0.2107211,0.5347317,0.0242902,0.0792524,0.7301206
000792_jpg.rf.3899b0ef3229b4f18a7954698cc40c92.jpg,0,0.6001888,0.2618460,0.0151049,0.0542456,0.4087987
00005_00001_00016_png.rf.da02434245fde3214475aa75e6d4e2b6.jpg,12,0.5151371,0.5574796,0.5785901,0.6155159,0.9255456
00004_00030_00010_png.rf.c35b9a70b784be1bcd6b28d9ac1e12f5.jpg,11,0.5415485,0.4973033,0.5783536,0.5846968,0.9400012
FisheyeCamera_1_00097_png.rf.fb72097a4038b905024bea71b14c1434.jpg,7,0.2522919,0.5325099,0.0087826,0.0147604,0.8052611
FisheyeCamera_1_00097_png.rf.fb72097a4038b905024bea71b14c1434.jpg,1,0.4275586,0.4774328,0.0085759,0.0054907,0.4165338
00003_00044_00020_png.rf.dc91d31ec81c700753fe335f3fc42cf8.jpg,10,0.5267321,0.5217654,0.6970309,0.6981431,0.9391509
00014_00009_00014_png.rf.5998ff1f31bd52e787eaa23bb04f06d2.jpg,14,0.5160482,0.5134132,0.7479716,0.7473326,0.9601717
00007_00040_00020_png.rf.845babcc2b4638d89980330cf6c5bcb2.jpg,3,0.5206335,0.5097277,0.6411070,0.6513474,0.9480072
00005_00004_00005_png.rf.53f4cde1da9ac0094d8c0d9fd968beb1.jpg,12,0.5553480,0.5381495,0.6276175,0.6082324,0.9301752
00003_00044_00013_png.rf.24a211df9596dccf36b448483be5f663.jpg,10,0.5389872,0.5144384,0.6007167,0.5991893,0.9319397
road439_png.rf.3a8f1ca30bf60d80f05733e8d83212d9.jpg,13,0.2578828,0.7932233,0.1681174,0.1301862,0.9497155
001462_jpg.rf.590c8b4c74096f768de4433951995545.jpg,5,0.7317389,0.4950234,0.5289350,0.9854508,0.9515987
000629_jpg.rf.7fc79b6ca0f85116dc5588dd6869900c.jpg,12,0.4494700,0.3432682,0.4485351,0.3117233,0.9491473
000680_jpg.rf.10f9a8b0c68fd4c3a3f991673e8be240.jpg,12,0.7897350,0.3204933,0.3096245,0.4072184,0.9497253
000763_jpg.rf.6018d10dd3889ec0579a386c052fb6ff.jpg,13,0.4631142,0.3204233,0.0830785,0.1563008,0.9042903
00005_00003_00012_png.rf.77d9df57d17122641644da65c80d2f0e.jpg,12,0.5332579,0.5463697,0.6315392,0.6515528,0.9212990
000664_jpg.rf.882fdd90b90c7f1af1fc37a7467443cf.jpg,12,0.2327250,0.7277484,0.2420374,0.3096885,0.9391205
000664_jpg.rf.882fdd90b90c7f1af1fc37a7467443cf.jpg,9,0.2368683,0.3344454,0.2429199,0.3115044,0.9375273
00001_00023_00007_png.rf.f20610daefe32091399ce0ee1b9799f6.jpg,7,0.5687472,0.5656438,0.5399420,0.5927958,0.9367235
road288_png.rf.db64fffa70c02e58aabcbb10e3a19798.jpg,8,0.3987555,0.4740165,0.1176076,0.0887219,0.9515075
00007_00024_00027_png.rf.566faa37c8dd33d7cd4145572d744276.jpg,3,0.5045817,0.5166147,0.7452950,0.7411914,0.9552017
road774_png.rf.01952886ddecdd8280c5df688e7f3f0e.jpg,9,0.6580022,0.4347842,0.0661218,0.0545224,0.8301772
000809_jpg.rf.dcd99922c592f3b634ddb443bf40dce1.jpg,1,0.3378596,0.1537807,0.0225317,0.0906562,0.7447724
000809_jpg.rf.dcd99922c592f3b634ddb443bf40dce1.jpg,1,0.5515771,0.1284943,0.0215779,0.0897279,0.6595489
0230d0a6-0eac-4bf1-bc0c-560f18ad7415_jpg.rf.48f1963e9fbe5a6b0179b33762a2eb65.jpg,1,0.5908433,0.4953815,0.6187042,0.8243643,0.6731966
00008_00012_00022_png.rf.a76810c64a1c1a3def5cc808bb562890.jpg,5,0.5196509,0.5131130,0.7292654,0.7265465,0.9528056
001031_jpg.rf.2b5fd42d6b8a7d445183a468803e57b9.jpg,3,0.5406458,0.3499099,0.1827598,0.2770939,0.9269584
000599_jpg.rf.87f4886233a457df94743a34ee410218.jpg,12,0.8098336,0.2435180,0.3053537,0.4702241,0.9433373
00004_00046_00013_png.rf.6c04ac5c1dc478a3d929f9f1446d90b0.jpg,11,0.5164611,0.5138385,0.6653330,0.6391743,0.9498650
00014_00008_00004_png.rf.ce893afcdfcca67343de52c60d510a98.jpg,14,0.5378633,0.5384765,0.6138239,0.6601007,0.9663475
000711_jpg.rf.0a584e00809f5da1be911472ba1f8e7b.jpg,13,0.9208596,0.5957879,0.0653870,0.1123765,0.8914996
000711_jpg.rf.0a584e00809f5da1be911472ba1f8e7b.jpg,9,0.0780156,0.5525605,0.0412369,0.0709206,0.6829371
000670_jpg.rf.9b82f265d8e858e1ac239f550bb09315.jpg,12,0.7896165,0.2522679,0.2552875,0.3612199,0.9449579
road701_png.rf.cdb390be5b29eb46e8125d30c802cde0.jpg,5,0.8921184,0.3818079,0.2157632,0.1870546,0.9476768
road701_png.rf.cdb390be5b29eb46e8125d30c802cde0.jpg,3,0.8943111,0.6728815,0.2113777,0.1802307,0.9347172
000695_jpg.rf.5433ef9bdff69bb898a98f69af622064.jpg,12,0.2229022,0.3242080,0.2008316,0.2926743,0.9262094
road770_png.rf.192c2e4a2994c3c1bdfa14f69586392c.jpg,12,0.5169400,0.4479672,0.0976678,0.0787523,0.9011725
00000_00003_00003_png.rf.cb1242e3f504fdf75084201d1d568a93.jpg,6,0.5362126,0.5650758,0.5750858,0.5443222,0.9177964
001449_jpg.rf.4b8f2718b90c8c6cf89ccf753d5b575a.jpg,5,0.8833204,0.2364526,0.2328778,0.3312142,0.9454558
001449_jpg.rf.4b8f2718b90c8c6cf89ccf753d5b575a.jpg,11,0.3284377,0.7038528,0.3522765,0.5511560,0.9253376
FisheyeCamera_1_01082_png.rf.da2e5bebfb023e66aacd368902a130ef.jpg,1,0.8006222,0.5032040,0.0095941,0.0261802,0.7021927
000446_jpg.rf.6c9f95ad6ab51802829691fd907953e2.jpg,7,0.6431628,0.4921960,0.4347164,0.6271186,0.9491002
00008_00004_00016_png.rf.3ba26e964ab9827715594ec40609937e.jpg,5,0.5179339,0.5179600,0.6574910,0.7108097,0.9259195
FisheyeCamera_1_00594_png.rf.dc0e60f4633360af03461b14c31a1454.jpg,4,0.5206083,0.5467538,0.0089459,0.0114350,0.5005929
road633_png.rf.282d128c502ba602126742a5064cd054.jpg,14,0.3947732,0.3177676,0.1347719,0.1012076,0.8996810
000815_jpg.rf.29afabe5f464c19bf77856ba5a90bd1e.jpg,8,0.6438276,0.5759469,0.2121936,0.3115398,0.9433481
road43_png.rf.c576096fc5f0b00379321f94ddffcbc6.jpg,0,0.6757481,0.5292881,0.0264865,0.0809966,0.7795666
road43_png.rf.c576096fc5f0b00379321f94ddffcbc6.jpg,0,0.4593460,0.3633311,0.0361153,0.1158043,0.7674944
road43_png.rf.c576096fc5f0b00379321f94ddffcbc6.jpg,0,0.2422185,0.3840251,0.0378551,0.1136880,0.6857717
road43_png.rf.c576096fc5f0b00379321f94ddffcbc6.jpg,0,0.8382995,0.5271171,0.0268927,0.0827951,0.6601771
road43_png.rf.c576096fc5f0b00379321f94ddffcbc6.jpg,0,0.0428324,0.4066425,0.0385597,0.1181870,0.6201373
road196_png.rf.6aa5da1b76ad6487d317d27963cc00d1.jpg,8,0.5615491,0.3200211,0.2231224,0.1684149,0.9264969
FisheyeCamera_1_00454_png.rf.69544c267e97e6de7d8ff36d70f8a8f6.jpg,3,0.8020175,0.5239051,0.0114506,0.0217617,0.6403091
001660_JPG_jpg.rf.41a9573c77f81a1dc9e669467db98386.jpg,1,0.3348279,0.0867523,0.1467692,0.0837603,0.9208085
FisheyeCamera_1_01099_png.rf.d3e2606bc19452ecaec7548723f05a0b.jpg,1,0.8184938,0.4780652,0.0144471,0.0420577,0.7871372
road485_png.rf.27b8f614cd9acbfc022c4c40b8707cbf.jpg,12,0.3821997,0.4723262,0.4318445,0.3223380,0.9504513
00002_00006_00028_png.rf.70f98b1fc1d0c548e37ffe7968c81a40.jpg,9,0.4946311,0.5247288,0.7138680,0.7811864,0.9267380
00003_00044_00011_png.rf.9f723b9e228efc8339bf51faa590a58e.jpg,10,0.5485860,0.5467325,0.5581741,0.5652850,0.9241430
00001_00021_00006_png.rf.c24e2e36491660b540a9b81687c16bc3.jpg,7,0.5277388,0.5389818,0.5628085,0.5918734,0.9349327
000626_jpg.rf.844a2fbefbe88499e977a640a50441c8.jpg,12,0.5105147,0.2485008,0.2009717,0.3752706,0.9284512
000099_jpg.rf.cc64c31e94947e188ec07796f1f590a2.jpg,7,0.6546701,0.4057235,0.4299652,0.7850818,0.9415680
FisheyeCamera_1_00142_png.rf.def6aeee07cff082ea33cd3d659e7024.jpg,9,0.5971099,0.5441557,0.0076573,0.0135472,0.8827848
00000_00005_00009_png.rf.318081408daa3bd6bd66422e94bd3dca.jpg,6,0.5368015,0.5187892,0.6103517,0.6340682,0.9517612
000983_JPG_jpg.rf.435a52389bec50fc37b8d83dc287f3ed.jpg,0,0.5901044,0.0589839,0.2947054,0.0868094,0.8983876
000983_JPG_jpg.rf.435a52389bec50fc37b8d83dc287f3ed.jpg,0,0.2479136,0.4243299,0.1034251,0.0318957,0.8091543
001642_JPG_jpg.rf.1501f63859c8183e7b273ed3f677bb80.jpg,1,0.4223818,0.1014048,0.2024501,0.1095402,0.9091541
0313fdea-c8b1-458b-adac-adcb4aac3622_jpg.rf.78780f33ec642080187f26937e8005be.jpg,1,0.5660882,0.5236029,0.6829338,0.8464451,0.8797056
000946_JPG_jpg.rf.d747fd05b21ff8ac85c05629986ae344.jpg,9,0.0614661,0.1829913,0.0634994,0.0716282,0.9010642
000946_JPG_jpg.rf.d747fd05b21ff8ac85c05629986ae344.jpg,0,0.3990410,0.2224540,0.1084639,0.0562239,0.8559614
FisheyeCamera_1_00600_png.rf.99bc40dcb86cb45b4425a2604dd3cd8d.jpg,4,0.4963823,0.5452592,0.0097766,0.0136552,0.6851290
FisheyeCamera_1_00600_png.rf.99bc40dcb86cb45b4425a2604dd3cd8d.jpg,1,0.6172708,0.4749699,0.0092442,0.0055571,0.4879658
00008_00045_00006_png.rf.04585cc625839dc38c94a4357ec9d19c.jpg,5,0.5284367,0.5160837,0.6148351,0.6439269,0.9329363
road277_png.rf.3f53c2534447d823337f731b63c65c75.jpg,8,0.6606999,0.3241406,0.1933488,0.1448013,0.9229121
00014_00005_00025_png.rf.297d8a9543fcea575965086bb06f4890.jpg,14,0.5156574,0.5136971,0.8098118,0.8022977,0.9460402
road554_png.rf.534262cf45c8f7f6ad9e709bfa74bd81.jpg,8,0.3824984,0.7100600,0.1722645,0.1376740,0.9437549
road412_png.rf.f3dc3c3dcb2d0a679c190b33c3a3178b.jpg,3,0.5803938,0.5110409,0.0843215,0.0666263,0.9113899
FisheyeCamera_1_00604_png.rf.fd483074d74e8bee0d71bb87e77ab3ef.jpg,4,0.4726215,0.5429115,0.0130081,0.0153363,0.7041894
FisheyeCamera_1_00604_png.rf.fd483074d74e8bee0d71bb87e77ab3ef.jpg,1,0.6050741,0.4683549,0.0111137,0.0069321,0.5328669
001830_JPG_jpg.rf.80271bce54a1933c1c80ae661932ee2f.jpg,1,0.4395383,0.1221211,0.1020448,0.0428117,0.8301834
00000_00000_00006_png.rf.9d1ea68507aff6973a1dbcdc6f4422a8.jpg,6,0.5324345,0.5555435,0.5965289,0.5986756,0.9462807
00004_00044_00016_png.rf.21f8e05be871f651648f89b58c3f20c7.jpg,11,0.5316760,0.5136792,0.6750630,0.6690209,0.9381726
00002_00000_00005_png.rf.6a3d73b59a12500d97c5ad071900f3e8.jpg,9,0.5221919,0.5150246,0.6233374,0.7180351,0.9259290
00004_00006_00002_png.rf.e126eb56f28cf1c98809239babe89334.jpg,11,0.5260627,0.5339314,0.5625402,0.5562720,0.9319025
FisheyeCamera_1_00195_png.rf.c958e21bb68e76adac7817623d7c1f75.jpg,0,0.4629272,0.3818422,0.0225990,0.0156612,0.5395010
road822_png.rf.b3ba7f5457042a083bad8aac3fe5f819.jpg,14,0.4560062,0.2714841,0.2041685,0.1601828,0.9282937
road822_png.rf.b3ba7f5457042a083bad8aac3fe5f819.jpg,1,0.4765606,0.5567265,0.1335604,0.2725958,0.9260196
road506_png.rf.7a13ac3369dd9c4a13997267c82b32a6.jpg,12,0.3115994,0.6748454,0.2315205,0.1827946,0.9410644
00004_00052_00006_png.rf.17e668414f18071d605e3327513528de.jpg,11,0.5526062,0.5518615,0.5448016,0.5101659,0.9315236
00002_00016_00002_png.rf.c2bf6b0c65f3f2b845d281aef33328e0.jpg,9,0.5240081,0.5398283,0.5975516,0.6363461,0.9450881
road850_png.rf.74fa86d3aaa9d85f0c87bf9bb5ce433e.jpg,12,0.2970389,0.3311408,0.0605341,0.0462588,0.7474394
00004_00050_00020_png.rf.5b1bab0bf6b9284c2c1cffcbe35b12ed.jpg,11,0.5023397,0.5309676,0.6224701,0.6253595,0.9456265
001057_jpg.rf.0d8f858b7a9c12830691348e2ae306af.jpg,3,0.4077607,0.2884692,0.4895320,0.2840646,0.9410295
000003_jpg.rf.8511b9c219dbf9799a6d58900b15917d.jpg,7,0.4998544,0.4840797,0.4582296,0.6209010,0.9569628
00000_00006_00009_png.rf.69ada07a494f34af78f9cbb977bb1fe7.jpg,6,0.5189267,0.5308553,0.6721616,0.6415431,0.9455785
FisheyeCamera_1_00098_png.rf.937d582ee38fb9c9007c37c872df3176.jpg,7,0.2426424,0.5318257,0.0093057,0.0165297,0.6596408
001608_JPG_jpg.rf.7d48153578ad316231c6c992263ac497.jpg,1,0.4577080,0.1362799,0.1433572,0.0787596,0.9284021
00014_00004_00010_png.rf.d35020e5fb797eed8b025b0dca4fe434.jpg,14,0.5129341,0.5337111,0.7402444,0.7198225,0.9423136
00007_00043_00010_png.rf.b292148f880510d6254fec1a3d3bed44.jpg,3,0.5108762,0.5199449,0.6088092,0.6099070,0.9313586
000689_jpg.rf.e7eb671b04e54cabccbc491dc3087e13.jpg,12,0.4991663,0.4953041,0.3215073,0.5777548,0.9435710
00003_00000_00008_png.rf.976bc2ecdc3e69167320fc22712ec43d.jpg,10,0.5210707,0.4894988,0.5917584,0.6134160,0.9393780
001277_jpg.rf.03beffa81aa901c8462dfe1681a202f4.jpg,4,0.4379745,0.2244988,0.0898190,0.1325269,0.9124710
000384_jpg.rf.0bd20cbc913cf806be9769b408f6e5d6.jpg,10,0.3754561,0.3477012,0.0963483,0.1239625,0.9373118
000897_JPG_jpg.rf.d8616645e7ae5a674caf3f2e17dab345.jpg,0,0.5014327,0.1537584,0.1460166,0.0698554,0.8593010
00001_00063_00003_png.rf.e87ae69015487ca78a229870bc3ed27f.jpg,7,0.5677052,0.5739490,0.5941705,0.6412349,0.9341398
road109_png.rf.c7fd39b9ac59c325ec73dc6b5ece99fd.jpg,8,0.6501422,0.5130948,0.0776777,0.1134964,0.8169728
00003_00040_00029_png.rf.7d37fc566ece4627cb04b2b8d32dc473.jpg,10,0.5171362,0.5157305,0.6714391,0.6677768,0.9449303
001097_jpg.rf.76b13f1ce839d7102e9a683f6959a3e6.jpg,3,0.3949036,0.4573600,0.6150557,0.7928343,0.9542027
FisheyeCamera_1_00154_png.rf.be661e0bba8aead34dbcded1d4e5b260.jpg,9,0.6732615,0.5326191,0.0152310,0.0238823,0.9494173
FisheyeCamera_1_00154_png.rf.be661e0bba8aead34dbcded1d4e5b260.jpg,9,0.5891254,0.5447064,0.0093187,0.0135968,0.8026298
00005_00000_00019_png.rf.fb70e266857ce9ceea9b772edb452ab4.jpg,12,0.5278021,0.5246878,0.6739365,0.6779703,0.9603173
000658_jpg.rf.305458475fd66b31a8b2796cceb9f511.jpg,12,0.5651888,0.4527273,0.1295902,0.1878539,0.9163970
00008_00006_00026_png.rf.cb433297defc6e2a91fd89685c39f39f.jpg,5,0.5197122,0.5414584,0.6961312,0.7174938,0.9475104
road804_png.rf.c07a9b7b679e771fad740f296ee3a8f7.jpg,3,0.6559032,0.4917290,0.1255699,0.0966140,0.9268646
0023f366-a173-4ba7-952c-63f5698c022d_jpg.rf.9edd5a29eae0884e275e51ee445d1a10.jpg,1,0.5941706,0.5117396,0.6916322,0.8665814,0.8605202
00014_00013_00001_png.rf.e01f34bee93788d71a9ca127de49b201.jpg,14,0.5018285,0.5181654,0.5988489,0.5466800,0.9382448
001035_jpg.rf.8bb44e874531b88eb7bdff9082c78a43.jpg,3,0.6107007,0.4434244,0.3842447,0.5355576,0.9537409
road305_png.rf.f807df671677244a7387d2ffbe200f58.jpg,8,0.5365856,0.4178271,0.4741869,0.5324470,0.9389088
FisheyeCamera_1_00257_png.rf.fd48c32db227dac063bcd71340f4f334.jpg,0,0.7527900,0.4543815,0.0249706,0.0120195,0.5942631
FisheyeCamera_1_00257_png.rf.fd48c32db227dac063bcd71340f4f334.jpg,0,0.6975283,0.5326314,0.0052530,0.0112430,0.4382893
10a18f3d-79d7-447f-ab9e-6de78b09477f_jpg.rf.8ce6805731f28537f453028a8d5a4885.jpg,1,0.5467770,0.4824781,0.8289792,0.9228151,0.8403960
000117_jpg.rf.c63f6b715b912a6e219500db2c4dd6fc.jpg,9,0.3914245,0.4508984,0.2903917,0.1985117,0.9419684
00000_00002_00026_png.rf.092c69361ef48fd43b479aa48fc829d9.jpg,6,0.5104659,0.5049998,0.7998722,0.7853766,0.9568706
000091_jpg.rf.9762d3529d876b77e9d99aa8027e449c.jpg,7,0.4711655,0.4939944,0.5427470,0.7764778,0.9567154
FisheyeCamera_1_00587_png.rf.8f637c2480c931d014f8cc2877541abd.jpg,12,0.5370385,0.5483900,0.0064806,0.0084967,0.4322808
00000_00005_00003_png.rf.df858754a637fecb106924e9bc47a832.jpg,6,0.5565143,0.5227925,0.5502204,0.5876158,0.9351596
001478_jpg.rf.b4a8c8adb59b1bfeb056f275a7e9c785.jpg,5,0.4313403,0.3013158,0.7245045,0.4436164,0.8835583
001857_JPG_jpg.rf.d447fe7f6ff27a88a5e983e0b5f2a821.jpg,0,0.4372856,0.2317812,0.0671588,0.0302985,0.5926206
00000_00000_00021_png.rf.0803f8eb5b4566c44100cfef9d0bfa8e.jpg,6,0.5286336,0.5350146,0.7906780,0.7980053,0.9574079
00008_00020_00015_png.rf.1815b3c75c86dd9d26141470c0c8542b.jpg,5,0.5210314,0.5192894,0.5278090,0.5451599,0.9324824
001631_JPG_jpg.rf.18c57a703b3f30d8e2b21868d3657b5d.jpg,1,0.4370764,0.0692937,0.1750291,0.0745717,0.8810462
00000_00000_00005_png.rf.ab60a274676963d378f5014e89d9e2b1.jpg,6,0.5340031,0.5290774,0.6191437,0.6177919,0.9264817
00007_00002_00021_png.rf.3e8282102bcbc3465886670d060ce78f.jpg,3,0.5177881,0.5235650,0.7733282,0.7767627,0.9472722
000967_jpg.rf.c03a4af67b2c09d534327ef7de40de4c.jpg,1,0.8083422,0.0909908,0.0238434,0.1015727,0.7969422
000967_jpg.rf.c03a4af67b2c09d534327ef7de40de4c.jpg,1,0.6412972,0.0981465,0.0237633,0.0979171,0.7914405
00004_00004_00006_png.rf.779cd44893dd231e6e05b680dc9bef9a.jpg,11,0.5005798,0.5037921,0.6688353,0.6911297,0.9385493
000361_jpg.rf.373518288e417cc551b309d3533c6d0f.jpg,10,0.6676428,0.4440009,0.3493908,0.5071559,0.9493513
00003_00036_00028_png.rf.b3b837a4ff3803383e94a13fe8fc748b.jpg,10,0.5083624,0.4969432,0.7741797,0.7960122,0.9392394
000684_jpg.rf.da8d58e5754b48f640c2521ce190912e.jpg,12,0.3741895,0.4516648,0.5825956,0.7205361,0.9462482
000684_jpg.rf.da8d58e5754b48f640c2521ce190912e.jpg,12,0.8317424,0.1917857,0.2032458,0.2541913,0.9363870
road803_png.rf.ec1de6db189d7a63e98b91529236a7d1.jpg,3,0.5296602,0.5875333,0.0976589,0.0785465,0.9122181
000507_jpg.rf.cef3041f8b255c4cea0070fe8e2c04e4.jpg,11,0.6734223,0.3455753,0.3438239,0.2724591,0.9398349
00001_00010_00003_png.rf.7aafa0add84d32dae0f70c72f29be839.jpg,7,0.5291697,0.5672962,0.5281902,0.5290572,0.9426401
00014_00003_00009_png.rf.1e49e9f368c48bc8051b5d9f131171c3.jpg,14,0.5333851,0.5125999,0.7393217,0.7981204,0.9591758
000762_jpg.rf.ea6102293c9b38d9f90158f1a4cc33f7.jpg,13,0.6792216,0.4075962,0.2157491,0.2632164,0.9521002
000132_jpg.rf.6da2ad3a8754fb97cfa5a54b1fa794dd.jpg,9,0.3582289,0.3002248,0.2213351,0.1953442,0.9392980
road773_png.rf.b467561d9bc1abfaa69c770187f44c38.jpg,9,0.6463201,0.4955354,0.0614012,0.0491841,0.6643030
00001_00031_00011_png.rf.d92d0588e5bfd7f8ced37d558e0efd54.jpg,7,0.5419071,0.4951063,0.5635157,0.5947670,0.9333052
000961_jpg.rf.805df5d6f453caa3c1fa8a87893ec991.jpg,0,0.4360414,0.2650480,0.0154012,0.0570052,0.7982878
000961_jpg.rf.805df5d6f453caa3c1fa8a87893ec991.jpg,0,0.5296052,0.2624651,0.0147377,0.0530248,0.7497960
001089_jpg.rf.004c591c5855cf05e2198a5e21c8ab56.jpg,3,0.5063079,0.6803746,0.2323929,0.4256385,0.9621901
000086_jpg.rf.b654137b1cae075367f483dd2b5bac85.jpg,7,0.3193494,0.4874947,0.4299670,0.5956878,0.9362677
001049_jpg.rf.e527b2a1edfb88b1fbfb9542d33a9a27.jpg,0,0.3326506,0.1879953,0.0198275,0.0789866,0.7956660
001049_jpg.rf.e527b2a1edfb88b1fbfb9542d33a9a27.jpg,0,0.5556190,0.1667827,0.0203628,0.0773981,0.7319050
00001_00068_00007_png.rf.4bb41a90249c981be7a87239ef7d4288.jpg,7,0.4832179,0.5198585,0.5717942,0.5721899,0.9321722
00008_00009_00012_png.rf.fa47f1ade7b6ffafc8c23e106e4ec0a9.jpg,5,0.5214858,0.5168152,0.5843528,0.5918685,0.9311556
00007_00041_00002_png.rf.02df629489fd7c902fdbd6c1dd2f78ae.jpg,3,0.5441927,0.5240701,0.5513453,0.5571587,0.9370060
00008_00007_00010_png.rf.d2dc382f864442f6d8551cc9f41e0bc7.jpg,5,0.5627556,0.5198583,0.5865103,0.5925670,0.9183552
FisheyeCamera_1_01026_png.rf.dfb591570ded3c052e6641cb4f2d80c1.jpg,0,0.4408961,0.4965231,0.0145410,0.0086851,0.7045667
FisheyeCamera_1_01026_png.rf.dfb591570ded3c052e6641cb4f2d80c1.jpg,0,0.3984508,0.4936750,0.0133580,0.0096832,0.6736682
000883_JPG_jpg.rf.bcfbe7999ec1b4e660a155e0e145e234.jpg,0,0.3015535,0.2212724,0.0860497,0.0521069,0.8657990
00008_00034_00008_png.rf.811d6bdaab24c4e03281dd023835def5.jpg,5,0.5345234,0.5008227,0.5849758,0.5673505,0.9245491
FisheyeCamera_1_01013_png.rf.9464970b75fa02363baae3c682e99f39.jpg,0,0.5381667,0.5114668,0.0110483,0.0073584,0.4336177
00003_00046_00010_png.rf.891f75f30b9f3db0a566b63a5d08287f.jpg,10,0.5200236,0.5080985,0.6186455,0.6174988,0.9350135
road760_png.rf.cb25cb1c5c71e6bbf07a9dc3b11915d2.jpg,3,0.4874294,0.3561559,0.2041735,0.1540760,0.9159544
000899_JPG_jpg.rf.44b9967b6405c6ad4f9ad7dfa2ad610d.jpg,0,0.6512815,0.3135506,0.1004398,0.0455576,0.8796741
000534_jpg.rf.fc7a9c184c96044637a59a8abbc842d2.jpg,11,0.8086626,0.4642252,0.1350630,0.1807288,0.9219203
00003_00045_00019_png.rf.3120c19400c889f8dfd507e2f6f16995.jpg,10,0.5148875,0.5193026,0.7140805,0.7183326,0.9358673
00000_00004_00027_png.rf.339c3f63582ed2785e9d0740821e561e.jpg,6,0.5231639,0.5217791,0.8203407,0.8171388,0.9523575
00000_00001_00008_png.rf.936b0185c3b9131c96d42d60a5da1abb.jpg,6,0.5284870,0.5335849,0.5900891,0.6111999,0.9353731
001624_JPG_jpg.rf.a3a7ed1ca4bdc41789b882fe5d7e3e94.jpg,1,0.5399438,0.1438880,0.1220898,0.0668241,0.8803163
000994_jpg.rf.a4d87f8cd54a7a19e0081461e279a335.jpg,0,0.4563243,0.8615449,0.0326665,0.1349295,0.8455954
000994_jpg.rf.a4d87f8cd54a7a19e0081461e279a335.jpg,0,0.0079212,0.8784860,0.0158424,0.1259122,0.7236941
00003_00036_00028_png.rf.b1c4322c721873c9caa6ed9fd25eeb07.jpg,10,0.5083624,0.4969432,0.7741797,0.7960122,0.9392394
000475_jpg.rf.b44fe1a1d53315f7ff81d3bea0277189.jpg,11,0.5867727,0.2095626,0.2914384,0.3457141,0.9459795
000178_jpg.rf.0b4d8766b1bfcd897098e2f8b9bbe5d1.jpg,9,0.4760689,0.5060953,0.7832568,0.5411549,0.9511880
001472_jpg.rf.38654b39e5bc13159c16952df2ba2dc0.jpg,5,0.7140015,0.4554656,0.3615134,0.7136281,0.9421701
road466_png.rf.d57ae6325b53f1b11ebb16fbfefd48e0.jpg,12,0.3641422,0.2502422,0.2740544,0.2061577,0.9453225
road466_png.rf.d57ae6325b53f1b11ebb16fbfefd48e0.jpg,0,0.3191368,0.8032934,0.1639970,0.3693964,0.8905072
00001_00011_00006_png.rf.b3c9ed7b58e8b06312406f5fb6ecb9cd.jpg,7,0.5138219,0.5252270,0.6374632,0.6152242,0.9386024
00004_00037_00007_png.rf.223e842f5027e61ac59e32979ca930d6.jpg,11,0.5330479,0.5171169,0.5697552,0.5587682,0.9382725
001281_jpg.rf.b8a22407e4c52a0704d45a8b32965f9b.jpg,4,0.4983504,0.4904140,0.7065191,0.9327970,0.8895622
road323_png.rf.b843dd95b3d22917710ac75cca4a57b0.jpg,14,0.5637712,0.4172943,0.2510498,0.1866004,0.9184921
road323_png.rf.b843dd95b3d22917710ac75cca4a57b0.jpg,9,0.6018725,0.6145349,0.2778144,0.2104275,0.8155167
00003_00019_00004_png.rf.0e5e854d48614cdc5bef09b4b3085a03.jpg,10,0.5103629,0.5064896,0.5935898,0.5772070,0.8953779
road872_png.rf.d95002240567bc0114365d0ba181071f.jpg,8,0.3369045,0.5498376,0.1057796,0.0812106,0.9577902
001229_jpg.rf.3174ec6dbfe9e8ee6ab16906d969ae8d.jpg,4,0.3332020,0.5333840,0.2909570,0.3967129,0.9672000
000287_jpg.rf.a4143ed52df9779f0f27104daf6a8762.jpg,14,0.3404732,0.4695870,0.4243481,0.5323668,0.9618533
000287_jpg.rf.a4143ed52df9779f0f27104daf6a8762.jpg,8,0.7616955,0.3520674,0.2738147,0.3387925,0.9441072
00001_00014_00020_png.rf.dae49e781829147dd4dfd5b4812d0068.jpg,7,0.5106652,0.5107438,0.8032216,0.8191649,0.8834280
000015_jpg.rf.1c60d15418d0291507def26c241ed27e.jpg,7,0.2538796,0.3688362,0.3980663,0.4634045,0.9524229
001623_JPG_jpg.rf.8777c38ac6d8aebbc4c5524393a8ce83.jpg,1,0.2916501,0.0948542,0.1154080,0.0677730,0.9012472
FisheyeCamera_1_00471_png.rf.eb0a04fb4ec3ae41bf4b96e27bd5d26d.jpg,0,0.5190608,0.4582878,0.0286787,0.0874197,0.8824069
FisheyeCamera_1_00471_png.rf.eb0a04fb4ec3ae41bf4b96e27bd5d26d.jpg,0,0.3395798,0.4587909,0.0280039,0.0832758,0.8629123
00007_00028_00022_png.rf.6c2e0f03a47cf5fa2fabb3ecec47124a.jpg,3,0.5359619,0.5333266,0.7087480,0.7629033,0.9565853
00007_00028_00022_png.rf.6c2e0f03a47cf5fa2fabb3ecec47124a.jpg,1,0.1072384,0.0253401,0.0249191,0.0506418,0.4649227
00000_00001_00020_png.rf.4fc3ed0f124f480c5152a541fff2dbf7.jpg,6,0.5303749,0.4981116,0.7025630,0.7188118,0.9516147
000380_jpg.rf.7216ac7b95b9137ab398250ae08e026c.jpg,10,0.5520239,0.4451336,0.1700559,0.2733122,0.9149936
road720_png.rf.bdc71460f5121259128f84a720780e9e.jpg,8,0.3804199,0.5201707,0.0891329,0.0712516,0.8402021
road62_png.rf.b3288434b3cf3e2b6d2f057c1f5a0502.jpg,14,0.6368650,0.3960330,0.3251711,0.2243568,0.9450731
00004_00060_00021_png.rf.eb99d667b724b14132452c88d3674738.jpg,11,0.5197516,0.5287698,0.6866563,0.6966104,0.9412757
000198_jpg.rf.9f156753fda46dd6fe9848a1440afd1b.jpg,9,0.4091146,0.4577818,0.2486435,0.3816046,0.9393159
road491_png.rf.878b3a369b2f57b3edeb679ff3e03c23.jpg,12,0.5730665,0.4017325,0.1969965,0.1544567,0.9312146
FisheyeCamera_1_00285_png.rf.cbc33d5d21aad4b5d0d195479cb4f9ef.jpg,13,0.8595237,0.5155768,0.0141086,0.0237876,0.7241113
FisheyeCamera_1_00285_png.rf.cbc33d5d21aad4b5d0d195479cb4f9ef.jpg,0,0.5992103,0.5247423,0.0084934,0.0207701,0.6759253
FisheyeCamera_1_00285_png.rf.cbc33d5d21aad4b5d0d195479cb4f9ef.jpg,1,0.4667890,0.5389481,0.0047695,0.0109950,0.4015620
000466_jpg.rf.f609fd155d77826a456bb83ec2fba973.jpg,11,0.5057737,0.4482001,0.3363840,0.2067700,0.9323459
00008_00005_00014_png.rf.31eccab502c0a10e9e32f0718618105e.jpg,5,0.5166964,0.5103522,0.6685675,0.6641801,0.9234676
000147_jpg.rf.bca55a14814a6d3a2554145932eb5490.jpg,9,0.5135840,0.1570505,0.3738945,0.1576083,0.9352925
000735_jpg.rf.8927d1a7914f3b404d59d7afb8238ce4.jpg,13,0.5427809,0.2862790,0.2075565,0.3655928,0.9468127
road314_png.rf.697a2d138347ee6ee2da288b2ffe8e9d.jpg,8,0.1735105,0.7133504,0.0844465,0.0676837,0.9182608
road314_png.rf.697a2d138347ee6ee2da288b2ffe8e9d.jpg,8,0.4769288,0.4917867,0.1836828,0.1442688,0.8937124
000257_jpg.rf.6f63b8fd63b0d875247ba0e3d776bd4f.jpg,8,0.2632572,0.2155475,0.4263983,0.2715794,0.9360529
000922_JPG_jpg.rf.143f5b1a97d934ec4a71114055fa5a0b.jpg,0,0.5341477,0.1518809,0.2578628,0.0801736,0.8547646
000922_JPG_jpg.rf.143f5b1a97d934ec4a71114055fa5a0b.jpg,0,0.6256077,0.7327542,0.0500307,0.0201419,0.5330136
001289_jpg.rf.2b57939adb36b165f0eef0a3de68e1ec.jpg,4,0.5048579,0.4325293,0.3949201,0.2524835,0.9513459
000908_JPG_jpg.rf.d4876c6a6657b36ba6b1c1626df8123d.jpg,0,0.2011124,0.1622066,0.1039667,0.0614811,0.8260667
road596_png.rf.11f43967e3d8f54a7c94b5810f527f23.jpg,12,0.5069459,0.3869967,0.1098032,0.0851060,0.8545350
00000_00003_00005_png.rf.91e4d86cd4241911356889c94ae3f5ee.jpg,6,0.5318340,0.5443122,0.5694036,0.5558398,0.9123383
00008_00020_00007_png.rf.956ee64b06ed8ea4354a07ebb0c979a1.jpg,5,0.5360711,0.5314503,0.5593861,0.5800739,0.9335464
road397_png.rf.64b46468e2e241a3cb5dbce555894da3.jpg,3,0.5844766,0.2523225,0.3066309,0.2286970,0.9568927
0866866d-298d-4bff-afa0-6456ad7fd807_jpg.rf.3bcf97c79a92aac15ad03419bbadf199.jpg,1,0.4637684,0.4717184,0.5279661,0.8969719,0.8656161
000495_jpg.rf.62cc333852734fdf12c38fb00d5a8273.jpg,11,0.2266066,0.5125911,0.2695314,0.4385786,0.9335980
road286_png.rf.702db0cc9906e626d838a77a4e79244d.jpg,8,0.4760389,0.4231916,0.2297340,0.1736194,0.9184636
FisheyeCamera_1_00230_png.rf.0abfb32b639a38aefee3263df7d3733e.jpg,1,0.5524812,0.4390335,0.0402283,0.0245304,0.7775787
FisheyeCamera_1_00230_png.rf.0abfb32b639a38aefee3263df7d3733e.jpg,1,0.7169298,0.4533924,0.0313089,0.0214117,0.6362807
00008_00014_00012_png.rf.a62ba5f792b061df92e0177a04931c7b.jpg,5,0.5085098,0.5345319,0.6462593,0.6195592,0.9232088
001427_jpg.rf.fe832db13f19311c2eda0b6e83878ec5.jpg,5,0.5008201,0.4988811,0.9420581,0.9549908,0.9338354
00000_00003_00019_png.rf.d5f22619ed92e72b6d2ed7150b2db7c3.jpg,6,0.5207931,0.5137708,0.7197606,0.7219128,0.9548464
road351_png.rf.917ea4e951348855c275b66bb4d890ad.jpg,8,0.5083059,0.3815024,0.2581343,0.1988533,0.9100868
FisheyeCamera_1_00479_png.rf.f7e77b725ba1e70b5dc8b0697e0b1f92.jpg,3,0.9322236,0.5017479,0.0138047,0.0263448,0.7427985
FisheyeCamera_1_00479_png.rf.f7e77b725ba1e70b5dc8b0697e0b1f92.jpg,0,0.5011964,0.4177833,0.0190945,0.0114748,0.6673387
001059_jpg.rf.2b325fd15e28d0c622610dea63c2c12f.jpg,3,0.2579796,0.5827623,0.1894133,0.2887673,0.9319714
FisheyeCamera_1_00631_png.rf.ef7fde7123c71d075628496a468eb1df.jpg,1,0.5116372,0.3458871,0.0253616,0.0148463,0.6904062
00014_00001_00009_png.rf.e13fd9f6dce4c523d54929047f528a21.jpg,14,0.5201931,0.5167685,0.6781533,0.6928557,0.9499289
00014_00007_00006_png.rf.d3261be1ac6d7605e46470fb8e4940f4.jpg,14,0.5172017,0.5135440,0.6513713,0.6629808,0.9326915
2257b962-595c-43ae-8f0d-575f1b55beb8_jpg.rf.d8ba84a72e00584f12f54d3cf03c8dc0.jpg,0,0.5405273,0.4858031,0.5022957,0.7920167,0.8483295
08724eba-901b-4e19-883d-1cc236532391_jpg.rf.58818e500202bb38a13268b4cd2c4f4a.jpg,0,0.5829733,0.5421384,0.5012993,0.7677008,0.8057724
001484_jpg.rf.6b44f8da037b210cdbe0663683d7274e.jpg,5,0.2391697,0.4563620,0.4003504,0.7739294,0.9383893
00004_00002_00014_png.rf.66ae4730024327a8ff79210c980a4667.jpg,11,0.5131749,0.5155767,0.6861680,0.6820191,0.9455047
00005_00056_00012_png.rf.1125a7436050023f0b75206acb088f2a.jpg,12,0.4981831,0.5276543,0.6175198,0.6220937,0.9461423
FisheyeCamera_1_00314_png.rf.f10aa9e570183b2892515007c415b9cf.jpg,11,0.1337333,0.5148159,0.0133725,0.0232326,0.7281899
FisheyeCamera_1_00314_png.rf.f10aa9e570183b2892515007c415b9cf.jpg,1,0.4293648,0.5229169,0.0091964,0.0231925,0.5564297
00014_00010_00017_png.rf.10f5ad5e297030721e4521481f8ca702.jpg,14,0.5103277,0.5133406,0.7729499,0.7735768,0.9540583
road573_png.rf.692497fab5c04bfffa1d5f4b2b285213.jpg,8,0.3788342,0.6555836,0.2995639,0.2335565,0.9317698
road613_png.rf.560c13a685d02ca31a65b6b2b172772a.jpg,10,0.5621027,0.5164163,0.0892300,0.0693371,0.9880277
00000_00005_00016_png.rf.80996367c51768326648d4c53f8a1e63.jpg,6,0.5203997,0.4892759,0.6576679,0.7018762,0.9499694
001662_JPG_jpg.rf.97c2b266f1a788361d25be2305f03736.jpg,1,0.3546433,0.1873842,0.0863530,0.0560782,0.8476179
FisheyeCamera_1_00005_png.rf.2c3a5ef517c817ce7872439ac76a7c08.jpg,14,0.6441576,0.5387658,0.0293199,0.0430968,0.9585935
road243_png.rf.555053220adbac3849def1e4105008fd.jpg,3,0.5266589,0.6104303,0.0439177,0.0344406,0.6804373
road243_png.rf.555053220adbac3849def1e4105008fd.jpg,12,0.4837457,0.6114313,0.0425989,0.0339281,0.4563464
road243_png.rf.555053220adbac3849def1e4105008fd.jpg,12,0.5264530,0.6106912,0.0429477,0.0337959,0.4396961
000121_jpg.rf.c26ea4c0be18ece889414f12976c49f2.jpg,9,0.5013134,0.2516993,0.2375130,0.3410060,0.9476970
00002_00028_00013_png.rf.4c1b88702f75ba47a05c979c6a1a24af.jpg,9,0.5278571,0.5182991,0.6463927,0.6341714,0.9465575
FisheyeCamera_1_00095_png.rf.7339640275f9c4483536f89fb2c815e0.jpg,7,0.2707201,0.5355876,0.0086399,0.0154175,0.5834252
00007_00029_00014_png.rf.cc543e257165aa17476435f594aa76d1.jpg,3,0.5282511,0.5099161,0.6586663,0.6577786,0.9527388
000076_jpg.rf.0066537c077a3d460d354c5de1fef980.jpg,7,0.6040076,0.4369749,0.1472861,0.2030157,0.9193279
00000_00003_00017_png.rf.cb107aac6c3f74cfb122de76625c4abc.jpg,6,0.5027627,0.5142719,0.7278372,0.6967342,0.9616973
001477_jpg.rf.170667884b322b9985bcd6a054a0d6be.jpg,5,0.5094804,0.4830652,0.4865607,0.8660812,0.9476594
000174_jpg.rf.4f68fb9dc24d6b51af78e847b1e30c10.jpg,9,0.6043753,0.3965560,0.2819760,0.4195460,0.9474927
00002_00065_00004_png.rf.dd58840a036850f03da5f6bbdd1940d2.jpg,9,0.5337269,0.5462771,0.6666982,0.7267343,0.9486121
FisheyeCamera_1_00000_png.rf.51e7c2d131818f5ac51613cb3d152380.jpg,14,0.6042711,0.5437600,0.0223565,0.0306748,0.9428003
00003_00038_00026_png.rf.a69d0576816db3c4d315d0dce5b99721.jpg,10,0.5190136,0.5117157,0.8003015,0.8134222,0.9461957
000500_jpg.rf.b742528d52c611a0eb6f2d0453a3c81a.jpg,11,0.8204263,0.4403123,0.0949863,0.1317727,0.9167598
000654_jpg.rf.d267c50f2def671a3af6c7816a990548.jpg,12,0.4555413,0.3723271,0.1842403,0.2785954,0.9381878
000649_jpg.rf.f86b7d2974091d1956dedec6e79cbf61.jpg,12,0.2786795,0.1669306,0.1137148,0.1604622,0.9005652
road421_png.rf.cd6d5f5724ac207f49f64d2ecc32f9f6.jpg,13,0.5213297,0.4993245,0.2603956,0.1989790,0.9601415
FisheyeCamera_1_00089_png.rf.3a437fe3f7f2a546183b5ef50bf92eab.jpg,7,0.3121991,0.5401383,0.0081791,0.0125892,0.5264238
FisheyeCamera_1_00089_png.rf.3a437fe3f7f2a546183b5ef50bf92eab.jpg,0,0.2609207,0.2993764,0.0285800,0.0194867,0.4026119
00001_00021_00007_png.rf.7054b7fcb56980bcabcf57e0f1cb9182.jpg,7,0.5423011,0.4998449,0.5689266,0.6170658,0.8709022
road322_png.rf.6028574359019d435c66689704d0418f.jpg,8,0.4254482,0.4507402,0.1559843,0.1600284,0.9042982
00001_00019_00006_png.rf.ba8186909430430fb44e7eea3282a96b.jpg,7,0.5374910,0.5111217,0.5879297,0.6099821,0.9364422
000145_jpg.rf.e37be0ff8c6d10e897956e8599346f71.jpg,9,0.4984475,0.3792044,0.7916062,0.5018315,0.9418893
road254_png.rf.5ed92d428851755882973a8e28944076.jpg,8,0.4410428,0.2428496,0.1564404,0.1181079,0.9168917
FisheyeCamera_1_00202_png.rf.ee30ccd577d5cfc9c2f6c16edaeacdf2.jpg,0,0.6393714,0.3300615,0.0250824,0.0171372,0.6932207
FisheyeCamera_1_00202_png.rf.ee30ccd577d5cfc9c2f6c16edaeacdf2.jpg,0,0.5106628,0.3019795,0.0302521,0.0187867,0.6315648
FisheyeCamera_1_00018_png.rf.765c48e66c9a0a7d70f6e4b0af00494c.jpg,2,0.6398735,0.5223600,0.0278001,0.0413908,0.7150044
FisheyeCamera_1_00018_png.rf.765c48e66c9a0a7d70f6e4b0af00494c.jpg,6,0.3034346,0.5274247,0.0214258,0.0305988,0.6013592
00004_00004_00009_png.rf.fc4e5787fbeb0511656710884dc88284.jpg,11,0.5342411,0.5157832,0.6630766,0.6870951,0.9489695
road574_png.rf.e9300ee48cadd50aff3821e5d303d293.jpg,8,0.4915347,0.6619665,0.3899234,0.2996206,0.9471506
001000_jpg.rf.55d2c5392c587e099e386a6406bff14f.jpg,3,0.2071435,0.2846573,0.2129777,0.3774573,0.9352117
000656_jpg.rf.2bfcb3a401a6cd59986f442316903cca.jpg,12,0.8492546,0.3459227,0.2243454,0.2316930,0.9384113
00004_00036_00029_png.rf.f55502d5bebf262101364b930e187143.jpg,11,0.5084899,0.5051991,0.8073442,0.8034026,0.9498386
road446_png.rf.f38afaa2d572c8426b05a88bdb4a5d3d.jpg,13,0.5272762,0.3613513,0.2152814,0.1725871,0.9709843
00008_00046_00015_png.rf.fca28beca2d7c7a733ca865755be6dbc.jpg,5,0.5326182,0.5121261,0.6596106,0.6670856,0.9475317
000041_jpg.rf.89c814e3db33e70112e3447d54bb42c6.jpg,7,0.5393564,0.3103257,0.2618914,0.4687043,0.9476674
000786_jpg.rf.60798d12643d9be450731115c76bd86c.jpg,13,0.7876084,0.1002546,0.1375354,0.1358689,0.8973068
road661_png.rf.9b3a953ded6512ace828850f97be4472.jpg,8,0.5153104,0.6411660,0.2492178,0.1980277,0.9333490
000204_jpg.rf.0ea9da72e384254681f268a305a35eb6.jpg,8,0.4533683,0.4988135,0.4468552,0.5548497,0.9338064
road393_png.rf.4fe43a89433923b9841d1435d98c4aae.jpg,3,0.5467632,0.6790312,0.1124059,0.0866299,0.9182932
001028_jpg.rf.7a77036407cf037c2415b436fde7826b.jpg,3,0.7403706,0.2142979,0.1189740,0.1626123,0.9013160
000944_JPG_jpg.rf.a0b81118199b4d11ccb859c15d0cb1f6.jpg,0,0.4481424,0.3820398,0.0757357,0.0347568,0.7977010
000944_JPG_jpg.rf.a0b81118199b4d11ccb859c15d0cb1f6.jpg,0,0.2939596,0.1014193,0.1569412,0.0681121,0.7779302
000944_JPG_jpg.rf.a0b81118199b4d11ccb859c15d0cb1f6.jpg,0,0.6472152,0.5218617,0.0335727,0.0192029,0.5386986
000130_jpg.rf.21da097324e3450bb8ab634399961e84.jpg,9,0.4910694,0.3695652,0.2500753,0.1562619,0.9246879
road400_png.rf.03186a0125d7e8f9ccbad9322201c91a.jpg,3,0.6332808,0.5616448,0.1526668,0.1166897,0.9260761
road487_png.rf.dc7045b0bb497d4a44959dc9f8466232.jpg,12,0.5740996,0.4250435,0.1091868,0.0831049,0.8848079
00000_00005_00025_png.rf.f6c63209955abab1fc2ea39248553192.jpg,6,0.5206187,0.5070931,0.7793094,0.8278712,0.9500770
000700_jpg.rf.4abc8faa3c8f0970d53095fa9218cf8a.jpg,13,0.9128444,0.5493822,0.0786118,0.1223862,0.9820651
000644_jpg.rf.e150fedf356c73b528bb6943f267e094.jpg,12,0.3702550,0.2138805,0.3371767,0.2115055,0.9267840
000941_JPG_jpg.rf.9afc696caf8c7db27bf2134dd5660a27.jpg,0,0.3666653,0.1787470,0.1062856,0.0585284,0.8945193
000941_JPG_jpg.rf.9afc696caf8c7db27bf2134dd5660a27.jpg,0,0.1943720,0.3145789,0.0736874,0.0402568,0.7811826
001619_JPG_jpg.rf.1640a48f199bbe32ee72dc83a24e1521.jpg,1,0.2455259,0.1146788,0.1068497,0.0478530,0.7456130
001619_JPG_jpg.rf.1640a48f199bbe32ee72dc83a24e1521.jpg,0,0.2452281,0.1151696,0.1065210,0.0501224,0.4193403
road836_png.rf.05522d5697471753f15583e9c74d9908.jpg,12,0.5862957,0.3860908,0.1987297,0.1520592,0.9204773
001656_JPG_jpg.rf.193bed9f1b03b8c4d46254c930216604.jpg,1,0.4898618,0.1689621,0.2685333,0.1130621,0.8763465
00003_00014_00015_png.rf.4a4854b32d96279361db09f8b4d4bbcf.jpg,10,0.5506498,0.5385174,0.6109645,0.6369023,0.9385895
000100_jpg.rf.8948ed8c132dae637b8dde18d0c5be7b.jpg,9,0.7229213,0.2252052,0.1623913,0.2104957,0.9322271
001407_jpg.rf.70ca057de423bef18930dd5f47b975d7.jpg,5,0.2237506,0.2095879,0.2219750,0.3351461,0.9384504
00002_00004_00025_png.rf.088e01a14aec1e026c95b0b5ab8b08ec.jpg,9,0.5200817,0.5238859,0.7957768,0.7813250,0.9471537
00000_00000_00013_png.rf.9076cbfc7f7811fa22547539a7e7ac02.jpg,6,0.5360292,0.4990905,0.7059407,0.7182296,0.9598661
000163_jpg.rf.55c9537881a01c071eb6c3b46008b884.jpg,9,0.1889550,0.1439409,0.3377987,0.2769029,0.9463234
24085f02-5dde-4b59-ad8e-887935bd08e1_jpg.rf.d216c61af0d1adf927b98f242a4fe85f.jpg,0,0.4268434,0.5041296,0.7741923,0.9603544,0.9125248
00008_00011_00006_png.rf.416887ff8fd6e24fc585ce1838c632a4.jpg,5,0.5035092,0.5346746,0.5431568,0.5501356,0.9100334
000872_JPG_jpg.rf.618811525dae8c1799c5093046e551c5.jpg,0,0.5231520,0.2100339,0.0914166,0.0505384,0.8621878
000872_JPG_jpg.rf.618811525dae8c1799c5093046e551c5.jpg,0,0.4157112,0.3807822,0.0400418,0.0205299,0.4220023
road673_png.rf.4180f0a6afa7416d52c729d8b9305d75.jpg,14,0.3337377,0.4490202,0.0640256,0.0504260,0.9696354
FisheyeCamera_1_00351_png.rf.0c9f77a62c69eb9b4b91da5b1454eda5.jpg,12,0.4416060,0.5475094,0.0075069,0.0108974,0.5757690
FisheyeCamera_1_00351_png.rf.0c9f77a62c69eb9b4b91da5b1454eda5.jpg,13,0.2142598,0.5321423,0.0062612,0.0111682,0.4057980
000012_jpg.rf.a2e9009c1ca91c2272045589701123f0.jpg,7,0.4912263,0.3301794,0.8015124,0.3556413,0.9157724
road520_png.rf.937374420bcb13bddc7b27ad6128d860.jpg,12,0.6363865,0.4083086,0.1551388,0.1179115,0.9113683
road355_png.rf.c43f3ac674a10af91051d8cb228747ad.jpg,8,0.4148625,0.3744506,0.1823985,0.1359607,0.9091142
road519_png.rf.aa9e93bebe13bca1fd49aa4b08f47354.jpg,12,0.5813539,0.4698546,0.0899502,0.0690093,0.8340141
00001_00033_00010_png.rf.4b1b4602c3c04f4aa72ce1f952cce126.jpg,7,0.5156555,0.5165940,0.6119178,0.6149214,0.9361950
000808_jpg.rf.8007590175a593bc5b4408a31ade3f3a.jpg,0,0.5445200,0.2354719,0.0177440,0.0657963,0.7685144
000239_jpg.rf.9c2470be6d2e5443f4db1ababb992587.jpg,8,0.5190561,0.3472793,0.5559332,0.4174071,0.9506132
000790_jpg.rf.ddb1d679830f7cafbcbec2013a6ff2fc.jpg,13,0.7654115,0.0937364,0.2338062,0.1690907,0.9494951
00005_00012_00025_png.rf.f8b1c97fbb9d575b38ad20cb4fc6e3b3.jpg,12,0.5111645,0.5063323,0.7804599,0.7687708,0.9542338
00000_00000_00017_png.rf.6c2381a6a103a041f23159fbd44868ed.jpg,6,0.5315942,0.5258682,0.7451237,0.7338647,0.9639715
00001_00032_00012_png.rf.e30cf3974f41a7316dff0477b7c4c589.jpg,7,0.5037369,0.5362794,0.6700490,0.6782127,0.9515674
00000_00003_00015_png.rf.a18e8c7a509b0f5f98fe6221bac9aee4.jpg,6,0.5290649,0.5324434,0.6817947,0.7015546,0.9550355
road640_png.rf.d095777d03f03f86a0b6b1f5b32dfdd5.jpg,11,0.7833725,0.3221210,0.1533255,0.1195927,0.9283537
road640_png.rf.d095777d03f03f86a0b6b1f5b32dfdd5.jpg,9,0.2419383,0.4869263,0.0655622,0.0510045,0.8557649
00003_00010_00012_png.rf.992b5dc958856171d8218c027b672b12.jpg,10,0.4925168,0.4984440,0.6029509,0.6221735,0.9460526
000954_JPG_jpg.rf.2633035aaeb19e6f2005bf2f8f5d3ebd.jpg,0,0.4756934,0.2486999,0.1271872,0.0583933,0.8518959
000261_jpg.rf.7c97ab6d968e742c9cc124edd2630e3c.jpg,8,0.5038577,0.2569017,0.4351349,0.2904206,0.9409136
001465_jpg.rf.82e271056e453a4f123033b7db486d63.jpg,5,0.5910207,0.8890761,0.0874481,0.1437244,0.9413865
001465_jpg.rf.82e271056e453a4f123033b7db486d63.jpg,5,0.8814161,0.6840375,0.2276511,0.2951746,0.9213266
001465_jpg.rf.82e271056e453a4f123033b7db486d63.jpg,5,0.2705125,0.7930155,0.1700165,0.2634232,0.9181055
001465_jpg.rf.82e271056e453a4f123033b7db486d63.jpg,5,0.4729133,0.3254500,0.5818180,0.6206112,0.9164365
001465_jpg.rf.82e271056e453a4f123033b7db486d63.jpg,5,0.7952276,0.8852961,0.0803110,0.1263238,0.8640668
001465_jpg.rf.82e271056e453a4f123033b7db486d63.jpg,5,0.3352909,0.9133552,0.0676021,0.1265064,0.7628577
000595_jpg.rf.5b549a5e1f209899e21445383698e00d.jpg,12,0.7004856,0.6880608,0.3969323,0.6037312,0.9261966
road84_png.rf.3c4a24183c70e3af08fc01ae65761c88.jpg,14,0.4978948,0.2988552,0.2571105,0.1750096,0.9368007
road691_png.rf.3ca3931933e5623e51596577124c3447.jpg,5,0.5020693,0.3536414,0.1585666,0.1223690,0.9300464
road691_png.rf.3ca3931933e5623e51596577124c3447.jpg,3,0.4996589,0.5449263,0.1582918,0.1167967,0.9186433
001004_jpg.rf.b5403b891cecfc5231ff9ef14b3534ae.jpg,3,0.5010005,0.3961825,0.2750148,0.2037760,0.9524915
road19_png.rf.05e1657af2361aab3c4d5deb43b29087.jpg,0,0.4082776,0.3242197,0.0722269,0.1303665,0.8416981
00007_00033_00014_png.rf.73a43aaa12af693eff052e2fb710db31.jpg,3,0.5606195,0.5176621,0.6283103,0.6542191,0.9639665
000558_jpg.rf.40c69cee11121c32100bc0ec9dc29849.jpg,12,0.7938898,0.3579275,0.3214662,0.3875500,0.9491342
00002_00017_00020_png.rf.1a27fc5910f7ff6cd9e5ecad10609fe4.jpg,9,0.5163881,0.5089163,0.6969536,0.7072179,0.9525339
000282_jpg.rf.26ad0708d13674c6d8cfce6f6bd40cdb.jpg,8,0.4981930,0.4853206,0.8810418,0.5491771,0.9543836
road841_png.rf.7ddce1ff42545b101a28f63e6a1e5af7.jpg,12,0.4291609,0.4083316,0.1326186,0.1022491,0.8849573
road859_png.rf.f0e4bbd39d237c79817d4ade35676364.jpg,12,0.4691257,0.4068054,0.0798219,0.0640372,0.8658055
001826_JPG_jpg.rf.a805482f1c979ccfd35e378a2d5d78a6.jpg,8,0.1305675,0.1107823,0.1256984,0.1991311,0.9181497
001826_JPG_jpg.rf.a805482f1c979ccfd35e378a2d5d78a6.jpg,0,0.5550127,0.1959582,0.2227341,0.0923700,0.8710787
00001_00010_00010_png.rf.0c717d1fcb47c63dc21133891c67058d.jpg,7,0.5484570,0.5369042,0.5816855,0.6241395,0.9465315
road865_png.rf.d20a4a3f4030905929c2739f03eba9b8.jpg,10,0.5816358,0.2564188,0.1129040,0.0864624,0.9258679
00001_00006_00004_png.rf.d10a2232f001894c293a3899de728cad.jpg,7,0.5215712,0.5275162,0.7358964,0.7701988,0.9569653
00004_00059_00010_png.rf.501920c3ea0f3537120f7b2835fcdc82.jpg,11,0.5048128,0.5121650,0.6135295,0.6302971,0.9320665
00014_00009_00022_png.rf.c59286af8197704e8e88c3efdbf7b9d5.jpg,14,0.5252916,0.5047953,0.8171269,0.8147605,0.9669003
00000_00006_00014_png.rf.c18a9a99443ea933a462c18e7d9cc035.jpg,6,0.5112522,0.4918335,0.6923405,0.6914648,0.9621934
00000_00001_00013_png.rf.c2367f9d1b377597b2cc3706b70fa818.jpg,6,0.5213606,0.5290036,0.6427878,0.6675182,0.9380222
00014_00024_00018_png.rf.1b7a484113cbc1f29d56a8f50156948a.jpg,14,0.5192983,0.5297771,0.7560456,0.7370082,0.9600443
00002_00057_00023_png.rf.c8c4e00edf84e93fdca59e89ca4480e8.jpg,9,0.5094601,0.5226034,0.7717182,0.7749269,0.9419546
00001_00038_00012_png.rf.769276765c04567a8afdd2300298c7cb.jpg,7,0.4949205,0.4849567,0.5743924,0.5830097,0.9399958
098904b8-c355-46e6-b644-52387480db96_jpg.rf.ed1b718605fa48e5c0cfbc438da6d050.jpg,0,0.5093606,0.5144667,0.6223109,0.8636066,0.8971288
00002_00000_00016_png.rf.5c98b3aeaa1ebc1ebc1afb2b2e8d9750.jpg,9,0.5029746,0.5169613,0.7043269,0.7863136,0.9325933
001051_jpg.rf.bb8152d7d7c35ed73bfc9239185f9087.jpg,3,0.2512156,0.2721648,0.0654512,0.1013056,0.8836597
001051_jpg.rf.bb8152d7d7c35ed73bfc9239185f9087.jpg,3,0.4709267,0.2678412,0.0648261,0.0984097,0.8810852
001051_jpg.rf.bb8152d7d7c35ed73bfc9239185f9087.jpg,12,0.6906721,0.2629643,0.0645212,0.0969511,0.7644765
00003_00035_00028_png.rf.ee8da916ee92d6dc7e62eedaf09a79e4.jpg,10,0.5064886,0.4909822,0.7647267,0.7797668,0.9366184
000202_jpg.rf.7b9c03e897bab9b7a170deae87d31266.jpg,8,0.4518544,0.2372302,0.3418752,0.1964475,0.9439799
00007_00027_00020_png.rf.1c1be801a97cd5152cb9bcceaf08f5cd.jpg,3,0.5093274,0.5092999,0.7334292,0.7068099,0.9525313
000006_jpg.rf.89610ec419ccfab22f8314026b90ee26.jpg,7,0.3769900,0.1649865,0.2723174,0.3299730,0.9346061
FisheyeCamera_1_00041_png.rf.402d963ad90df5846463e66a301debd3.jpg,0,0.4408903,0.4952115,0.0086487,0.0051379,0.5669230
FisheyeCamera_1_00302_png.rf.89395bab7d8fb4a6da3324a58b3497cd.jpg,11,0.2522319,0.5339985,0.0094683,0.0157292,0.9453828
FisheyeCamera_1_00302_png.rf.89395bab7d8fb4a6da3324a58b3497cd.jpg,0,0.6491185,0.4971161,0.0144208,0.0381709,0.7670772
FisheyeCamera_1_00302_png.rf.89395bab7d8fb4a6da3324a58b3497cd.jpg,1,0.4221991,0.5310625,0.0068316,0.0172539,0.6972278
road794_png.rf.3569e6160a38765029861dd0a34ebfdd.jpg,13,0.4435086,0.6100153,0.1994995,0.1546235,0.9460192
080e28db-6b07-4f03-a3c3-0803f43cc2ea_jpg.rf.8db090c85fe85dbff2c2f30a30efb0e1.jpg,1,0.5504021,0.4927932,0.5184981,0.8473863,0.7867172
00008_00043_00018_png.rf.cb403d912587a88325e095df6ab3f1df.jpg,5,0.5271897,0.5522021,0.6392707,0.6866554,0.9370146
00000_00002_00012_png.rf.d345a307460a0fa32e159261cffa0e88.jpg,6,0.5130075,0.5138408,0.6080801,0.6341563,0.9383280
FisheyeCamera_1_00023_png.rf.cd1aa333b9e78ad2f7b2de3c154e7429.jpg,6,0.3248942,0.5256813,0.0204308,0.0345848,0.9576131
00008_00019_00004_png.rf.b716b893116e783e1bd33e79d972b5ae.jpg,5,0.5348482,0.5407167,0.5746057,0.5977314,0.9333389
00000_00006_00009_png.rf.abb45158e58a911f6eb8f4784f718205.jpg,6,0.5189267,0.5308553,0.6721616,0.6415431,0.9455785
road104_png.rf.4468adcd7c2dcfc04377146de785c0a6.jpg,11,0.4916176,0.4817312,0.7248849,0.8838295,0.9367453
00004_00039_00028_png.rf.b088fe4f42e92367b13ca2fe401844ac.jpg,11,0.5191858,0.4941380,0.7736563,0.7675660,0.9441289
000949_JPG_jpg.rf.dffe53a303ce089bd4001a13de0cc7bd.jpg,0,0.2808700,0.1302206,0.3414060,0.1380755,0.9353808
000443_jpg.rf.a212d740b71445278e52aec90cdd3e47.jpg,7,0.6134974,0.3096157,0.2627789,0.3817891,0.9486222
road876_png.rf.723330bcac2a5e357c0a325590dbff3c.jpg,8,0.4794156,0.3657581,0.2218685,0.1708857,0.9123256
road876_png.rf.723330bcac2a5e357c0a325590dbff3c.jpg,14,0.2997769,0.7643527,0.0516533,0.0456042,0.8738675
00001_00020_00001_png.rf.558285df18ab5e029ed28ae9b0442173.jpg,7,0.4733529,0.5310141,0.6048726,0.7451847,0.9205700
00000_00005_00000_png.rf.4b0a9b1409c4ee2cc880aa6e173d5e0e.jpg,6,0.5272611,0.5188768,0.5621820,0.5690937,0.9200188
00000_00005_00027_png.rf.397ea37e7f1f7c3029ef77da37b4d73a.jpg,6,0.5053447,0.4970417,0.7982231,0.8136080,0.9600276
FisheyeCamera_1_00153_png.rf.19444df592470cf02432f62dfd784f12.jpg,9,0.6629678,0.5343096,0.0144141,0.0232448,0.9383881
FisheyeCamera_1_00153_png.rf.19444df592470cf02432f62dfd784f12.jpg,9,0.5862081,0.5453792,0.0086749,0.0124318,0.7872429
FisheyeCamera_1_00239_png.rf.d6a3e883bbb92412f2642432771f2d09.jpg,1,0.4613051,0.2558856,0.0343004,0.0229881,0.7889291
FisheyeCamera_1_00239_png.rf.d6a3e883bbb92412f2642432771f2d09.jpg,0,0.5655200,0.5024038,0.0169299,0.0094126,0.7447792
FisheyeCamera_1_00239_png.rf.d6a3e883bbb92412f2642432771f2d09.jpg,1,0.3227240,0.2990390,0.0289686,0.0172048,0.4524192
00004_00038_00023_png.rf.d7f850098ec568f71506f85f920d6eb3.jpg,11,0.4917714,0.5127506,0.6754519,0.6979554,0.9475879
00004_00010_00020_png.rf.8985cbdd62ef877bd3b91429c517b515.jpg,11,0.5302967,0.5083511,0.6927426,0.6784165,0.9543546
FisheyeCamera_1_00315_png.rf.14c625eca5ff0f371a2459cb470b6dd5.jpg,1,0.4325186,0.5220317,0.0096472,0.0232278,0.7244319
FisheyeCamera_1_00315_png.rf.14c625eca5ff0f371a2459cb470b6dd5.jpg,11,0.1218282,0.5122565,0.0135152,0.0245423,0.4765927
road747_png.rf.66031af78137deac5c6878292d9ce7db.jpg,3,0.8803071,0.6278151,0.2359709,0.1826914,0.9509267
road747_png.rf.66031af78137deac5c6878292d9ce7db.jpg,5,0.8928559,0.3434428,0.2141565,0.1881314,0.9464509
00002_00010_00029_png.rf.526a5527eafd2cdc74e872afe9fb8276.jpg,9,0.4855076,0.5095862,0.7654665,0.8237209,0.9515794
00014_00001_00006_png.rf.98b02c00237d76518ece14a1bdc194e9.jpg,14,0.5131993,0.5169295,0.6452598,0.6527626,0.9565455
00004_00009_00021_png.rf.0f8628e061118cfeaad9228b32489e7c.jpg,11,0.4905803,0.5420603,0.6727902,0.6566646,0.9510729
00001_00029_00011_png.rf.8778f18a5af227481b72a0bd897cb144.jpg,7,0.5348680,0.5311941,0.6531659,0.6591324,0.9405085
00000_00001_00016_png.rf.2818a0160369aa9d2465007de479d6d3.jpg,6,0.5193990,0.5153178,0.6641377,0.6652881,0.9317110
000934_JPG_jpg.rf.81031f117e2b4ac8b19c0cbe3bdd1d99.jpg,0,0.3906444,0.1598682,0.1208664,0.0612923,0.8940904
000934_JPG_jpg.rf.81031f117e2b4ac8b19c0cbe3bdd1d99.jpg,0,0.6242345,0.4831819,0.0428132,0.0228534,0.6887026
000959_jpg.rf.5bf1b1614cead2ae3ed908c0373143c1.jpg,0,0.3870751,0.2978266,0.0126585,0.0514451,0.7561123
000959_jpg.rf.5bf1b1614cead2ae3ed908c0373143c1.jpg,0,0.5189241,0.2878740,0.0121185,0.0470349,0.6901821
00007_00041_00000_png.rf.45f1f53954863a0d12d1cd00c092939b.jpg,3,0.5493460,0.5471022,0.5389104,0.5713083,0.9401485
00014_00009_00009_png.rf.b4d1b6a8d582e147ba85747dd85cc451.jpg,14,0.5421866,0.5223548,0.6376339,0.6442259,0.9663114
00004_00032_00009_png.rf.ea892d563594cad9d6d9ae8e8c9e9780.jpg,11,0.5227440,0.4990727,0.6003889,0.5922021,0.9310986
000841_jpg.rf.82ac37a263cc3771094f878f75519d3c.jpg,7,0.7136198,0.6120134,0.2837957,0.4237945,0.9442234
000635_jpg.rf.add3c9544fc93e8ad88fcb67fbb714cb.jpg,12,0.4932474,0.1645396,0.1035098,0.1420461,0.9126279
00001_00035_00012_png.rf.ef688824fa8eae681376cbaa7708a2dd.jpg,7,0.5302697,0.5401900,0.6325364,0.5835152,0.9394163
000729_jpg.rf.7b1a28094ac79f94f38e0ca9d4037037.jpg,12,0.8634085,0.2403894,0.2634981,0.4211929,0.9511113
road666_png.rf.7d914d9d62e7d0fcc23d5bce18bb5d3c.jpg,10,0.5561651,0.6937627,0.3583936,0.2910944,0.9408512
FisheyeCamera_1_00230_png.rf.de641278e85b0675e5c4ec40b2fdf74f.jpg,10,0.3124235,0.5241978,0.0212774,0.0369297,0.8972977
FisheyeCamera_1_00230_png.rf.de641278e85b0675e5c4ec40b2fdf74f.jpg,0,0.4971289,0.5127599,0.0132463,0.0077971,0.6984938
FisheyeCamera_1_00230_png.rf.de641278e85b0675e5c4ec40b2fdf74f.jpg,1,0.4348487,0.3765687,0.0224739,0.0133189,0.6668287
00001_00066_00015_png.rf.e1adfeb91011dcf5d548147d1acc30eb.jpg,7,0.4917468,0.5150199,0.7455331,0.7487294,0.9530995
00014_00007_00013_png.rf.bd8b36832e03b17e904c7a1a33f8937e.jpg,14,0.5254957,0.5243899,0.7374580,0.7561855,0.9543001
00001_00022_00001_png.rf.f68bab926df5c93b7a8baf9d168955d1.jpg,7,0.5267934,0.5185913,0.6209537,0.5539566,0.9301139
000836_jpg.rf.c262dc2f875c2d27c5358091bec7f23c.jpg,13,0.8796426,0.1330446,0.1386992,0.2607258,0.9374973
000966_JPG_jpg.rf.87fa55fbebc4989000b890b88765c712.jpg,0,0.2660884,0.1262831,0.0958538,0.0628463,0.8465216
000485_jpg.rf.af7e94cba40a41c54db6ce2495de5789.jpg,11,0.5208080,0.6435126,0.1583621,0.2176405,0.9207746
00014_00002_00029_png.rf.39fe8d27d845bd7b01172c8fe6e4f766.jpg,14,0.5132785,0.5079808,0.7672009,0.7960073,0.9583547
00014_00012_00028_png.rf.7e4a7979b1766d76ca5628991607b48c.jpg,14,0.5211265,0.5219429,0.7920303,0.7791636,0.9506018
001247_jpg.rf.986fd924de123c95a8e6bbcc765d4c10.jpg,4,0.2912465,0.4678624,0.5010589,0.9169279,0.9205745
001256_jpg.rf.204fbb92b5dc59d697bf04b2682485e2.jpg,4,0.5659809,0.3801615,0.2945213,0.3888385,0.9643280
001607_JPG_jpg.rf.a6dcbc5ecd7c2ef807a4bce512a054a0.jpg,1,0.3830516,0.1496353,0.0967696,0.0506510,0.9176338
road639_png.rf.74306332af06fee257b44f5dd9ae02fb.jpg,11,0.5387558,0.6266223,0.1382152,0.1061283,0.9042597
00014_00001_00019_png.rf.b23da2fc3bd75fcd44441c5f1e724952.jpg,14,0.5178616,0.5077532,0.7919176,0.8039965,0.9662001
00000_00006_00022_png.rf.ac6d1330d86c61ae4067afdd3a258ab3.jpg,6,0.5063056,0.5130915,0.7506241,0.7321796,0.9561309
00007_00040_00027_png.rf.8479c71333ccd871fbed5311de8ceaf8.jpg,3,0.5311609,0.5182522,0.6750569,0.6813922,0.9565461
001432_jpg.rf.5d8fff00f092a9bcb15a018a3edb186b.jpg,5,0.7230469,0.4682464,0.1306530,0.2208450,0.9296563
road85_png.rf.86fab2367257fba23a95cad102a7dd82.jpg,14,0.5216818,0.5429433,0.4791262,0.3655296,0.9545603
00001_00042_00000_png.rf.ac8cef49708d26776dd018e63c08ee29.jpg,7,0.5194690,0.5274488,0.5653103,0.5936895,0.9471958
FisheyeCamera_1_00364_png.rf.a9a2ae260182758dd32759d27a3f08ae.jpg,13,0.1859362,0.5277591,0.0089584,0.0176392,0.9585608
road388_png.rf.cc49d1d1343172eaa95da35bf070a7d3.jpg,13,0.5404229,0.3844018,0.1097026,0.0817583,0.9007155
00003_00036_00017_png.rf.8ac2d0085877d733785436132fdc938e.jpg,10,0.5206707,0.5053092,0.6773707,0.6529176,0.9424878
001436_jpg.rf.cc8f571352da66682260166ac2086168.jpg,5,0.7025867,0.4536535,0.3789498,0.5928282,0.9375212
00000_00001_00020_png.rf.af293e6651965d897c75935cf2084f7d.jpg,6,0.5303749,0.4981116,0.7025630,0.7188118,0.9516147
000797_jpg.rf.3d78d9d11140e03357ddde30e7e7e98e.jpg,7,0.5225747,0.4643756,0.3310096,0.5901906,0.9355029
road16_png.rf.9aba07c7ac70aab405028e7e8a750fb7.jpg,1,0.5845910,0.2566828,0.0382488,0.1564156,0.7999443
FisheyeCamera_1_00282_png.rf.8432bcb7705139cd0bcd1421987aaff7.jpg,13,0.8159756,0.5234009,0.0136673,0.0210027,0.8224785
FisheyeCamera_1_00282_png.rf.8432bcb7705139cd0bcd1421987aaff7.jpg,0,0.5949743,0.5276117,0.0080866,0.0189374,0.7482234
00014_00010_00014_png.rf.3f9712dbd32c574c45bf9dbb8517dd9f.jpg,14,0.5215044,0.5343130,0.7953167,0.7855193,0.9609754
road94_png.rf.77920ec51ee4fe99a6fb6f8d99f67954.jpg,14,0.5172142,0.5124262,0.5204071,0.5747410,0.9558328
FisheyeCamera_1_00204_png.rf.19edfa32d48b66e0365f54c7325dcbd4.jpg,0,0.5282285,0.2653380,0.0360966,0.0212143,0.7351967
FisheyeCamera_1_00204_png.rf.19edfa32d48b66e0365f54c7325dcbd4.jpg,0,0.6722699,0.2989733,0.0278763,0.0194423,0.6597242
road422_png.rf.9b9d58bbb154a5b030ff2addac608ef8.jpg,12,0.3576397,0.5352238,0.0581326,0.0468683,0.7930075
00003_00034_00015_png.rf.16921ba926f31008a26ba58d2337527f.jpg,10,0.5040142,0.5128645,0.6617415,0.6624994,0.9367459
FisheyeCamera_1_00194_png.rf.21c8dbe947c18776eaab4e5caec1585b.jpg,10,0.3155160,0.5458964,0.0112499,0.0094278,0.5465800
000488_jpg.rf.39fb3e780926eca95137e27b755f19af.jpg,11,0.6860573,0.6439151,0.3593845,0.2359457,0.9508899
road585_png.rf.9f55a59547b49a85d4b9012e0f24859c.jpg,12,0.5006075,0.3192425,0.1339788,0.1037277,0.8803815
00003_00044_00003_png.rf.2b73723d27b25434c3de6ca04adbe574.jpg,10,0.5437145,0.5311593,0.4929454,0.4837215,0.9405465
road470_png.rf.7670afafae0b681bed4d7bd1ce2f1775.jpg,12,0.3259355,0.5428735,0.1852199,0.1457044,0.9280991
000736_jpg.rf.228d17ea85d8e4b2f1fd5a1fec7582d9.jpg,13,0.4448333,0.2548604,0.2556926,0.1605490,0.9400463
000736_jpg.rf.228d17ea85d8e4b2f1fd5a1fec7582d9.jpg,11,0.4513785,0.4183822,0.2503534,0.1585562,0.8258115
00002_00032_00021_png.rf.45636f29d1c772fb421d516a9741145a.jpg,9,0.4958141,0.5405452,0.6443085,0.6793584,0.9504771
000288_jpg.rf.2764018cfc726e02916e1739c8f35b5e.jpg,8,0.4850307,0.6606448,0.4494116,0.2783509,0.9412515
000833_jpg.rf.a774fb7c4620c050e43d66a0062137af.jpg,11,0.7390922,0.4443927,0.0739510,0.1565516,0.9082360
00002_00011_00028_png.rf.4b4e80fab739c206b44c9d195a2f08e0.jpg,9,0.5037485,0.4911762,0.6907835,0.7731043,0.9390069
000935_jpg.rf.a73778e8e15369b4706431ac25671fb4.jpg,0,0.5302261,0.3069722,0.0128842,0.0494913,0.6759816
000935_jpg.rf.a73778e8e15369b4706431ac25671fb4.jpg,0,0.5049177,0.3170538,0.0105493,0.0275964,0.4561150
000166_jpg.rf.f37d1c743a28243f0e0f2482f2a67290.jpg,9,0.5013261,0.4796105,0.3621922,0.6324598,0.9420081
road692_png.rf.428a4cfb2f374f0acb60ffc5c57e0750.jpg,5,0.4464134,0.3332183,0.2233488,0.1697633,0.9443134
road692_png.rf.428a4cfb2f374f0acb60ffc5c57e0750.jpg,3,0.4421483,0.6045290,0.2278839,0.1701955,0.9309421
00000_00002_00015_png.rf.9c6647dad127ad8ea26b08ef5e31f15f.jpg,6,0.5321097,0.5203279,0.6746374,0.6786758,0.9698334
001066_jpg.rf.c55d7313f5d62858191ae315c7fada73.jpg,1,0.3517198,0.1561761,0.0216418,0.0832569,0.7126800
001066_jpg.rf.c55d7313f5d62858191ae315c7fada73.jpg,1,0.5442809,0.1318754,0.0195270,0.0775968,0.6685126
001066_jpg.rf.c55d7313f5d62858191ae315c7fada73.jpg,8,0.5671927,0.1389911,0.0258166,0.0516657,0.5027317
FisheyeCamera_1_00298_png.rf.a4bc4257abfe5a5f97a7ab4671d5a682.jpg,11,0.2870196,0.5379944,0.0091252,0.0143613,0.9155228
FisheyeCamera_1_00298_png.rf.a4bc4257abfe5a5f97a7ab4671d5a682.jpg,1,0.4319816,0.5327318,0.0063667,0.0141835,0.7634192
FisheyeCamera_1_00298_png.rf.a4bc4257abfe5a5f97a7ab4671d5a682.jpg,0,0.6267697,0.5065288,0.0125716,0.0319215,0.6357542
road65_png.rf.35a17912d8a5df128c238eff97db75eb.jpg,14,0.5164801,0.4576393,0.4585274,0.3033647,0.9533247
0629fae7-2357-4fa2-a599-750358cf7e2e_jpg.rf.363911291d5f6f7fe0e031331fd7e4e9.jpg,0,0.5133082,0.5288776,0.7202284,0.7714245,0.8744054
27beeb65-e6ea-4c4a-9dea-597500f26e7f_jpg.rf.29ca4c588d77178889b70d59993eb0ff.jpg,0,0.5523329,0.4642106,0.7053223,0.8393432,0.8680969
001982_jpg.rf.6d24adf886f0c39c03910738d4ecc170.jpg,1,0.7618079,0.2554811,0.0744429,0.2317315,0.4520951
001606_JPG_jpg.rf.acbfc805c9e8ea9791185014645390c2.jpg,1,0.6770623,0.1503626,0.1796523,0.0833368,0.8932059
001606_JPG_jpg.rf.acbfc805c9e8ea9791185014645390c2.jpg,1,0.1222610,0.5059671,0.0818116,0.0388616,0.8718038
00000_00006_00022_png.rf.8a9524bcedd0aa85d431b5314bdaf179.jpg,6,0.5063056,0.5130915,0.7506241,0.7321796,0.9561309
000887_jpg.rf.307baae87436b41df5a8a47635940201.jpg,1,0.5123198,0.2221579,0.0131803,0.0567611,0.7852114
000887_jpg.rf.307baae87436b41df5a8a47635940201.jpg,1,0.3301571,0.2444159,0.0132410,0.0559968,0.7451804
001228_jpg.rf.f4f7bc0b74a46e26c75aed78c39b41e5.jpg,4,0.3132388,0.2844215,0.2308707,0.4150807,0.9403400
00002_00007_00012_png.rf.cda4cec2b68cd6819ec43a7799d667a5.jpg,9,0.5361398,0.5180422,0.6236953,0.6736048,0.9367213
000936_jpg.rf.66c50dea6603f9ecc83f8b79c88a2f54.jpg,1,0.5932985,0.9589952,0.0184453,0.0744225,0.6788977
000936_jpg.rf.66c50dea6603f9ecc83f8b79c88a2f54.jpg,1,0.6335921,0.9565972,0.0169227,0.0701831,0.5257902
00014_00008_00013_png.rf.a9f7b30283b689f1a5808560a69c0f7c.jpg,14,0.5040439,0.5263650,0.6763627,0.7101337,0.9512699
road367_png.rf.68facda4326805592fce6d2bfb2dba6c.jpg,7,0.4376800,0.4275389,0.1274384,0.0980557,0.9204568
001019_jpg.rf.c53eaf43c583c2bdb0f57c91179329f9.jpg,0,0.1654650,0.1351011,0.0278323,0.1165101,0.8794121
001019_jpg.rf.c53eaf43c583c2bdb0f57c91179329f9.jpg,0,0.5584997,0.1111744,0.0276503,0.1165751,0.8390403
road260_png.rf.47ad1e33078da07b4bf3b0e5712c926d.jpg,8,0.5446649,0.4106868,0.2215473,0.1821240,0.9149917
000295_jpg.rf.3940d624bf6e15926480dad000dd8fa4.jpg,8,0.5341778,0.7158635,0.4983876,0.3445822,0.9339847
00014_00022_00002_png.rf.067f3be88afec79842f718b26732c307.jpg,14,0.5299645,0.5054486,0.6278488,0.6752172,0.9187930
000866_JPG_jpg.rf.585d575b53d2e6e316c8abb2d07e4c17.jpg,0,0.3673656,0.2857954,0.1108374,0.0488357,0.8388219
00001_00006_00026_png.rf.49d271a1ad59fd8fc3022b9d27fd55e2.jpg,7,0.5037812,0.5008347,0.8012441,0.8388208,0.9505901
00004_00052_00016_png.rf.bfe7cf72a069a7a4347a21a300041156.jpg,11,0.5366893,0.5070869,0.6128518,0.6036104,0.9353479
FisheyeCamera_1_00027_png.rf.dfb965799faeb1514f927e69c5ec0fd2.jpg,6,0.2357332,0.5069479,0.0244967,0.0511552,0.8848034
FisheyeCamera_1_00027_png.rf.dfb965799faeb1514f927e69c5ec0fd2.jpg,0,0.4514739,0.5063575,0.0077308,0.0041813,0.6363547
000231_jpg.rf.71b28020e16b2c6b5aa86d24726609c8.jpg,8,0.4994846,0.7819641,0.2042911,0.1385433,0.9613931
000596_jpg.rf.eb635457db0d42d1d585000296f83145.jpg,12,0.7783188,0.3894762,0.3862454,0.7053894,0.9443026
000267_jpg.rf.45d318ba9ef48ae9327bb408eb24438e.jpg,8,0.6679848,0.4968912,0.2895949,0.1755333,0.9067560
001482_jpg.rf.c040f508e60b3a870f5f5fc8b9b017d2.jpg,5,0.5148177,0.3468677,0.3204833,0.6161568,0.9472121
FisheyeCamera_1_00615_png.rf.6b8b9a4df61e83d15119053ea613f434.jpg,4,0.3390288,0.5271214,0.0238399,0.0354329,0.7916635
FisheyeCamera_1_00615_png.rf.6b8b9a4df61e83d15119053ea613f434.jpg,1,0.5598758,0.4445570,0.0134486,0.0082291,0.5416155
00014_00004_00020_png.rf.e3b35f3ca153fde99af4db4a67d2a564.jpg,14,0.5171030,0.5075736,0.7867717,0.7777485,0.9479223
00004_00038_00016_png.rf.91ed21fee2978def3dd315ee735fc1c0.jpg,11,0.5270361,0.4925961,0.5887653,0.6219696,0.9388265
00014_00006_00015_png.rf.5cb649de18ff690e33a86445aca080dd.jpg,14,0.5295054,0.5283308,0.7195027,0.7285828,0.9580929
000220_jpg.rf.07bc310baa1bbe3fe3ba7117b874ff64.jpg,8,0.5192036,0.3683413,0.3892173,0.2513136,0.9350416
road339_png.rf.a176f5700f7182473dd4c3a268ebcbbd.jpg,14,0.4984476,0.2637281,0.3687275,0.2898755,0.9396414
000985_JPG_jpg.rf.858faffcae4167e233b829d2f744f34f.jpg,0,0.3199551,0.1144060,0.1287571,0.0528550,0.8604029
000825_jpg.rf.dd850d3ac847bd61179c2191ebc02b37.jpg,1,0.3110463,0.2650763,0.0112814,0.0470253,0.6462250
000238_jpg.rf.dd14162743767963400cffffaea73ac9.jpg,8,0.6414422,0.4907023,0.5946440,0.9699109,0.9413142
FisheyeCamera_1_01090_png.rf.663e34306a969d1e2d3f1ca290e1ddd7.jpg,1,0.7539996,0.5014880,0.0114514,0.0318081,0.7674411
000811_jpg.rf.142d78a345147dc179446aa8ec1191ce.jpg,1,0.3060262,0.2872576,0.0148373,0.0546281,0.7378361
000811_jpg.rf.142d78a345147dc179446aa8ec1191ce.jpg,1,0.5011041,0.2850053,0.0151083,0.0523319,0.5323890
FisheyeCamera_1_00021_png.rf.703e3c27438f8fe990ef8ffbd48f2b51.jpg,6,0.3510712,0.5317011,0.0176442,0.0278223,0.9557499
00003_00045_00010_png.rf.1eb0ead62274ff3e76b12140d0f4399b.jpg,10,0.5318428,0.5392268,0.5925264,0.5959416,0.9345516
road655_png.rf.ff15054285f0f0f70cd01a48ab24b450.jpg,8,0.6456615,0.5277041,0.0929576,0.0710848,0.9282743
road655_png.rf.ff15054285f0f0f70cd01a48ab24b450.jpg,10,0.2966163,0.5623272,0.0682134,0.0497115,0.8609895
001014_jpg.rf.b5f73c9eb6dc1a27fd9ec0323fb5d210.jpg,3,0.2951861,0.2211448,0.2030608,0.3343771,0.9129989
00002_00029_00020_png.rf.92b3fdd9df0a753fcf7dd9e098f54ca5.jpg,9,0.4928152,0.5122889,0.7465018,0.7318379,0.9481934
road157_png.rf.e48c88408b366592b950018ee5d6426d.jpg,8,0.7248851,0.2074779,0.1185565,0.0903955,0.9178863
road652_png.rf.e82e3cfaed8d2378962fd6c1380f5d02.jpg,8,0.4808642,0.4584638,0.0636336,0.0469839,0.9126869
road652_png.rf.e82e3cfaed8d2378962fd6c1380f5d02.jpg,10,0.2876167,0.4733814,0.0513117,0.0381041,0.6995831
00014_00013_00003_png.rf.774d46f2b5700aec9e78f1959fd3030f.jpg,14,0.5086884,0.5427012,0.6232132,0.6235747,0.9572497
00014_00008_00028_png.rf.41dc94b1892472b66d391791d753bb84.jpg,14,0.5072644,0.5043192,0.8166607,0.7808079,0.9511582
FisheyeCamera_1_00151_png.rf.ff1355b3e842019c0228380552ea0c2c.jpg,11,0.3543290,0.5278615,0.0242666,0.0331385,0.5268337
00014_00007_00002_png.rf.280a89db2cae24714734ae7f443731ba.jpg,14,0.5162155,0.5159261,0.6146661,0.6083267,0.9444929
000713_jpg.rf.ea540b12ec46dd3f2dad786ab321c3a3.jpg,7,0.5274052,0.4567002,0.3241850,0.2425839,0.9344236
643854b9-b9d9-4b74-99fb-830fde4a0b74_jpg.rf.4d252deec56db095b1acab7c1c0f1bdc.jpg,1,0.5432533,0.4945953,0.6668640,0.8479549,0.8972851
000822_jpg.rf.63b8e6ec737487b4e7e9e2ed48754226.jpg,13,0.6490564,0.7370585,0.1075931,0.1571187,0.9238099
road112_png.rf.b765c2b5d3a2145d317b0ceadfb08464.jpg,5,0.5144108,0.3091325,0.3240657,0.5040056,0.9486975
road453_png.rf.2ac6332c02e34b01f38bd0daf2dee199.jpg,10,0.4467171,0.4769346,0.2818841,0.2232547,0.9337015
00001_00038_00013_png.rf.9bea2c6ade7591cafa7a3ee2d6447b63.jpg,7,0.5115927,0.4910526,0.5861216,0.6066169,0.9355183
001082_jpg.rf.6b7fc1c9648c1a3494a137ffa3664be1.jpg,3,0.7410572,0.2143903,0.1182188,0.1628153,0.9064038
001813_JPG_jpg.rf.2a732d7bc29b893c586a2bebea876f72.jpg,1,0.0766614,0.9349981,0.1516009,0.1293223,0.5685654
00007_00042_00000_png.rf.b6fa9ef6ce63f92b01992d4ea8d63f5a.jpg,3,0.5073253,0.5272410,0.5823019,0.5655171,0.8201489
00007_00042_00000_png.rf.b6fa9ef6ce63f92b01992d4ea8d63f5a.jpg,9,0.5096739,0.5249237,0.5720632,0.5654431,0.5663754
00001_00064_00019_png.rf.135e30aa3fe9209e095eb3ff5e304ebb.jpg,7,0.5305138,0.4918956,0.6996504,0.7272869,0.9525248
road459_png.rf.90e8843192d53e6f83e48ef5a09736a3.jpg,12,0.4824697,0.4420510,0.2125735,0.1721427,0.9487522
road459_png.rf.90e8843192d53e6f83e48ef5a09736a3.jpg,1,0.4185356,0.8778440,0.1339078,0.2443120,0.9346985
00014_00023_00018_png.rf.7f4df748842e9a2b90d343c5612ff812.jpg,14,0.5184464,0.5161429,0.7730497,0.7696455,0.9587501
000898_JPG_jpg.rf.89de33253d01e0308735dc746aa4977f.jpg,0,0.4803965,0.2763173,0.0701796,0.0317239,0.8075358
001494_jpg.rf.4db0ef3199baad5258c353573bffed4a.jpg,5,0.6140400,0.2188391,0.5072215,0.3333331,0.9462787
000359_jpg.rf.767bed64e2ff0d34ec7b1db1d0e6c398.jpg,10,0.6588774,0.4197549,0.3225846,0.4903670,0.9426681
00014_00003_00001_png.rf.54c82cd619fe6dfe68ff0e9d0de201bd.jpg,14,0.5333430,0.5181898,0.6909582,0.7110859,0.9383559
road353_png.rf.deb497f4908212e3409c887fbb0544df.jpg,8,0.4462494,0.4991498,0.2032143,0.1433086,0.9222789
00001_00065_00006_png.rf.161dc86f1aaaf56ceadeedb9920c11ec.jpg,7,0.5588827,0.4980596,0.6262443,0.6258927,0.9245718
00014_00001_00011_png.rf.3484d601f5012f5329eece492b0e69fa.jpg,14,0.5317546,0.5277789,0.7002843,0.7440150,0.9540939
00001_00020_00009_png.rf.70d380dd904a8b782ac06daf41622bc8.jpg,7,0.4989961,0.5051945,0.7136453,0.7702739,0.9486235
000902_jpg.rf.f1be11af53a854bf0f07539ef71bfab7.jpg,1,0.5383542,0.2172889,0.0106932,0.0454305,0.6740698
000902_jpg.rf.f1be11af53a854bf0f07539ef71bfab7.jpg,1,0.5227368,0.2168651,0.0097744,0.0465026,0.6498840
001833_JPG_jpg.rf.b6092f0bd597484bb9c205017e5c389f.jpg,1,0.5405390,0.2449083,0.2427747,0.0937380,0.8403708
00002_00000_00008_png.rf.fef84220cd4e8886da3b88267904e21d.jpg,9,0.5381104,0.5068517,0.6661088,0.7689065,0.9275402
road64_png.rf.bf315b45291d211d2e01926d50ddfddf.jpg,14,0.5485057,0.4713345,0.7707621,0.8958597,0.9331255
road86_png.rf.618acea5b57f584ad3cf0c2ddd8be8b3.jpg,14,0.4967535,0.5086157,0.2701861,0.4078540,0.9292449
000478_jpg.rf.ea1348c002d93944315cd4db7cccc0ed.jpg,11,0.6790298,0.3530462,0.1930125,0.3009955,0.9122818
001259_jpg.rf.b55c7e7dacc1e607f8e69b2a5cc36568.jpg,4,0.5354225,0.5157716,0.3276479,0.4998381,0.9538433
road604_png.rf.78092f95d0c775d7e2b266dee85e6c5d.jpg,12,0.3318966,0.2940918,0.1530015,0.1152109,0.8777034
000080_jpg.rf.254656b428b79e343e536f6ee51a24fc.jpg,7,0.7377732,0.3753031,0.3430592,0.4856339,0.9503125
road629_png.rf.79a049eae4f765c580544c533220d5f5.jpg,9,0.6647790,0.3753593,0.3395639,0.2656496,0.9410875
000412_jpg.rf.4201db338b39b5c120994db37fbf058f.jpg,7,0.6360875,0.4219043,0.4976873,0.6464092,0.9573213
road653_png.rf.a69e562a3dab509d536c1f6d7689c4de.jpg,8,0.5727901,0.5744116,0.0715880,0.0537831,0.9100585
road653_png.rf.a69e562a3dab509d536c1f6d7689c4de.jpg,10,0.3357495,0.5930253,0.0538315,0.0408235,0.7752940
road653_png.rf.a69e562a3dab509d536c1f6d7689c4de.jpg,8,0.3355340,0.5927633,0.0536882,0.0420698,0.5372346
00003_00042_00029_png.rf.d0d6dd339d2be42128efbae34d3f541a.jpg,10,0.5001499,0.5107685,0.7395381,0.7280590,0.9447957
road650_png.rf.b4086d2eec2b5bfe4465ae484a3b762f.jpg,9,0.4837391,0.3185782,0.1173204,0.0917613,0.9231859
00014_00013_00000_png.rf.230606f2f715a2bde5a237acafa3604b.jpg,14,0.5183919,0.5777891,0.6493257,0.4843543,0.8792453
FisheyeCamera_1_01104_png.rf.1c0a4fa66929930288c5ff6e293ca501.jpg,1,0.8607879,0.4602810,0.0162796,0.0503977,0.7969729
09282467-3e63-4506-9252-a0fd5b913deb_jpg.rf.7c3a79616a712d7b1f231bc9108d8db7.jpg,0,0.5606466,0.4769119,0.7132477,0.8168268,0.8673837
road362_png.rf.765355e68b8097399c60024a6f28840c.jpg,8,0.3907137,0.4956125,0.2284229,0.1718898,0.9286426
001700_JPG_jpg.rf.4f29277e7dfa7365978e572fe9f9eee3.jpg,1,0.5442807,0.1104362,0.1984112,0.0597947,0.8567122
00000_00000_00008_png.rf.ff305dcd6e9ceb9188937311a4a1b207.jpg,6,0.5107145,0.5081828,0.6468055,0.6469680,0.9208658
000946_jpg.rf.18bf1b977f56cc49545942b86ac7c739.jpg,0,0.0727909,0.8787485,0.0232024,0.1019256,0.8839430
000946_jpg.rf.18bf1b977f56cc49545942b86ac7c739.jpg,0,0.5241889,0.8462258,0.0294467,0.1029442,0.6575000
00005_00056_00008_png.rf.ce009bd4c68dbecc1d8f76f80550034d.jpg,12,0.5203646,0.5370074,0.6266045,0.6344794,0.9437265
001409_jpg.rf.03a314500608050ad90ed1c849fb18db.jpg,5,0.6380978,0.4648654,0.0767806,0.1155853,0.8808763
road619_png.rf.afe775af026ad763791eed33be445f64.jpg,8,0.5291331,0.4346564,0.1724481,0.1329399,0.9187946
000344_jpg.rf.86a946abb84be97bc833636b8b47b779.jpg,10,0.2205499,0.4412556,0.2406056,0.3560145,0.9546235
road587_png.rf.a53ec0d32057731c117123acb2f3b4e1.jpg,12,0.4536747,0.5170773,0.0710594,0.0550771,0.8185872
road842_png.rf.eaef28c5ea8a82fe3cfba78634bebf18.jpg,12,0.3322758,0.4435728,0.1647098,0.1262468,0.9163718
000989_JPG_jpg.rf.190d2ec887677882e3d1c869a542aa26.jpg,0,0.4206863,0.1586889,0.1907910,0.0861175,0.8542482
000989_JPG_jpg.rf.190d2ec887677882e3d1c869a542aa26.jpg,0,0.2716778,0.5833028,0.0307056,0.0143010,0.5347309
00000_00000_00003_png.rf.d18afc3c9625ffb1974029d3e3762aee.jpg,6,0.5198629,0.5038658,0.5695988,0.5718179,0.9176466
00014_00011_00027_png.rf.c81a4600612fc1eb5cc21661de7ef62b.jpg,14,0.4972246,0.5000748,0.7848821,0.7700233,0.9544657
00001_00030_00008_png.rf.f42a5ab100ba2300ff2ef3273198a629.jpg,7,0.5305490,0.5273647,0.5370698,0.6756602,0.9342219
00014_00003_00007_png.rf.4a4b5bfabfe079ec34b2bf1142a0461b.jpg,14,0.5179316,0.4909277,0.7403428,0.7658982,0.9542517
FisheyeCamera_1_00476_png.rf.9039468fbc1dab58476b697e479807f8.jpg,0,0.5324060,0.3906138,0.0569084,0.1483267,0.9205133
FisheyeCamera_1_00476_png.rf.9039468fbc1dab58476b697e479807f8.jpg,0,0.2501766,0.4040707,0.0372215,0.1253283,0.5440449
00008_00007_00009_png.rf.8289199643586993b107ff888e950eab.jpg,5,0.5860353,0.5196468,0.5818466,0.5796197,0.9308786
00001_00028_00017_png.rf.ff6c0bf1f57a58c63e706c5a59b9b55e.jpg,7,0.5149667,0.4730840,0.6775867,0.7736268,0.9511859
000069_jpg.rf.24da8297fff40a7760a8751ac763b821.jpg,7,0.4366579,0.4538489,0.3263359,0.4924740,0.9375197
00004_00003_00014_png.rf.fbd79a43c27ae3464c7be84d785ed5e2.jpg,11,0.5488393,0.5177938,0.6330057,0.6044297,0.9362789
road709_png.rf.4247ab0b03caf6c144ac9d5203850b81.jpg,5,0.4898562,0.5022098,0.0760153,0.0603889,0.8997416
road709_png.rf.4247ab0b03caf6c144ac9d5203850b81.jpg,3,0.4851040,0.5931800,0.0785517,0.0566583,0.8867362
000338_jpg.rf.69f491edc3091d390af673d2da54e080.jpg,10,0.2358250,0.1598912,0.0714552,0.1338194,0.9686213
FisheyeCamera_1_00211_png.rf.4d937346689834589353be2d154dc924.jpg,0,0.5764630,0.0871875,0.0577964,0.0413044,0.8113849
FisheyeCamera_1_00211_png.rf.4d937346689834589353be2d154dc924.jpg,1,0.5176165,0.4715401,0.0151132,0.0097118,0.4068498
00005_00016_00001_png.rf.fabe47d765e1b050e861dbb93b32167e.jpg,12,0.5417738,0.5406332,0.5678290,0.5669470,0.9273255
00004_00036_00014_png.rf.de499ca97d9e6307ab9f8e859dd43336.jpg,11,0.5214078,0.5150598,0.6813737,0.6869255,0.9406120
b413caec-028d-48e6-922b-fc63db1b7ebb_jpg.rf.259a6b31980f35168c8ec00a5e80c263.jpg,0,0.5093970,0.4879701,0.6557070,0.8464200,0.8960216
road490_png.rf.464f4426af72921b633d86c047b4eb7a.jpg,12,0.5314444,0.3689272,0.1594850,0.1219562,0.9164821
00004_00022_00020_png.rf.56c34e7fb6ec15747810e3706fb11e4a.jpg,11,0.5244909,0.5115994,0.5921854,0.6047485,0.9370960
001860_JPG_jpg.rf.6e8d22dbd246ecfaf521fbb30ff5e2fe.jpg,0,0.5214358,0.2621199,0.1734314,0.0882207,0.8467304
001643_JPG_jpg.rf.bb0dd8813a6c24f91a4e04962aaa7f31.jpg,1,0.6274661,0.1850557,0.3355685,0.1802780,0.9291467
00004_00035_00005_png.rf.b222e7d3ff032a58afdfb10ad73d6911.jpg,11,0.5257983,0.5190599,0.5512057,0.5483351,0.9386526
road431_png.rf.4cf451707a1af9d139094513881b7654.jpg,13,0.1804921,0.6029419,0.1867240,0.1462431,0.9407199
000769_jpg.rf.1df4a76b3e7055f19fd63f71a3d4ab3f.jpg,13,0.7871290,0.4971731,0.2728426,0.2138605,0.9509850
001295_jpg.rf.449090465a44f9f98a47e1141f3a8f38.jpg,4,0.5358877,0.5150769,0.3270907,0.5028204,0.9559726
00000_00001_00021_png.rf.beb4a4004ddd09e998abac6f77de0322.jpg,6,0.5264330,0.5082685,0.7110954,0.7449003,0.9499016
road743_png.rf.09b77e4a47a21b7c3482c28b37c86ecb.jpg,3,0.2590187,0.4839266,0.0915076,0.0695753,0.9346248
road743_png.rf.09b77e4a47a21b7c3482c28b37c86ecb.jpg,5,0.2711895,0.3784226,0.0919881,0.0705474,0.9332784
1141c383-3413-40a0-a550-7253129d4a4a_jpg.rf.5d2d3eba0b2dbca166bc5c51fe7e607d.jpg,0,0.6002702,0.5088380,0.6559045,0.8627793,0.8981863
001023_jpg.rf.f7de58bb03c2e2a346432baa358b4c3e.jpg,3,0.2951908,0.2747351,0.2049052,0.2523399,0.9383475
00002_00015_00017_png.rf.81a2cb9a7cc2d150109c3af756943d8e.jpg,9,0.5026131,0.5186323,0.7363623,0.7388218,0.9436558
road708_png.rf.d9bf7da6e0e73af3295909a18a2cabee.jpg,5,0.5231156,0.4413614,0.2371143,0.1832498,0.9349377
road708_png.rf.d9bf7da6e0e73af3295909a18a2cabee.jpg,3,0.5276120,0.7320680,0.2292212,0.1800474,0.9314625
000193_jpg.rf.334b364417849eb38db4d2275dc85838.jpg,9,0.5048424,0.3488282,0.6731286,0.4456582,0.9495186
000566_jpg.rf.85d938d7ad9b91799d8732111b98cc79.jpg,12,0.3985127,0.2269254,0.1768321,0.2863450,0.9201277
00000_00006_00000_png.rf.89204de3eb332a0f1dfbdbfeed2c4f19.jpg,6,0.5026863,0.5502930,0.4716849,0.5699516,0.8872809
FisheyeCamera_1_01098_png.rf.e141b30ac0a11cc0c857435f655656fc.jpg,1,0.8080299,0.4814457,0.0142499,0.0403742,0.7247238
000464_jpg.rf.e5b8f6d9c318c1ad7e34ee049bd64988.jpg,11,0.3191595,0.2840397,0.2826202,0.5320691,0.9426761
001654_JPG_jpg.rf.e26100131533da63b018a72fab6586e3.jpg,1,0.3793331,0.1005989,0.1426219,0.0596887,0.8591377
00007_00016_00010_png.rf.06129e0dcd04b8601e57009dce36f893.jpg,3,0.5288084,0.5076601,0.6451020,0.6464476,0.9535550
001290_jpg.rf.d3a396f3ea066c80a6e76a48dcf798a2.jpg,4,0.4790110,0.1920322,0.2742151,0.1756305,0.9623140
00001_00060_00007_png.rf.1bf10fd8b24b215fba58ab5975968559.jpg,7,0.5035276,0.5375404,0.6797291,0.6782586,0.9386132
00000_00006_00021_png.rf.ceba1690308218617be309fd8dd38971.jpg,6,0.5170504,0.5137145,0.7634196,0.7319455,0.9547869
FisheyeCamera_1_00283_png.rf.e88cf39eb00a52dfcceb2fcfddf89260.jpg,13,0.8299166,0.5209488,0.0135454,0.0221943,0.8386275
FisheyeCamera_1_00283_png.rf.e88cf39eb00a52dfcceb2fcfddf89260.jpg,0,0.5964868,0.5264786,0.0076420,0.0200903,0.7435077
001223_jpg.rf.cd973e1db0f78ec16c70d7af43fc4511.jpg,4,0.3337966,0.5340540,0.2913644,0.4001948,0.9716855
00003_00002_00023_png.rf.4d47dbf061aedff7277a91be6a5bbc6b.jpg,10,0.5383426,0.5339396,0.7431274,0.7503910,0.9391124
000783_jpg.rf.0f12070feb6f7bc91c48aa93a65d2e93.jpg,13,0.6510832,0.2671928,0.2499466,0.4558965,0.9548653
000945_JPG_jpg.rf.ad79e318355923e68a10f1678fe9b6bf.jpg,0,0.2227307,0.1318759,0.3031785,0.1117990,0.9145286
000945_JPG_jpg.rf.ad79e318355923e68a10f1678fe9b6bf.jpg,0,0.5282691,0.6046368,0.1486268,0.0613864,0.8686723
000945_JPG_jpg.rf.ad79e318355923e68a10f1678fe9b6bf.jpg,0,0.8990680,0.8502282,0.1082321,0.0352378,0.5560813
road851_png.rf.30b2392d540fed2bdafd783c8defefb9.jpg,12,0.4141327,0.3198026,0.0719335,0.0558830,0.7510228
001918_jpg.rf.cf4263574ace70aef2c9045b9cde5a85.jpg,6,0.5107081,0.7450475,0.2346334,0.3011649,0.6758091
000289_jpg.rf.5bcff3507297a43a567fd64d593fd533.jpg,8,0.4959457,0.2755820,0.4844013,0.3062801,0.9411921
road856_png.rf.c56e130a9afef0aa81d3359ce467f4b1.jpg,12,0.5074657,0.2308404,0.1470502,0.1116066,0.9081325
00004_00049_00008_png.rf.92e7b20cb3ae99c683fc6a1a09ce836b.jpg,11,0.5372381,0.5087068,0.5671926,0.5420438,0.9420449
00005_00014_00005_png.rf.0e24dd3583d580dadb9d69e73a08e78c.jpg,12,0.4845170,0.5006585,0.5723054,0.5911452,0.9409602
001261_jpg.rf.7b5bf5841b26d8966d6081fbc704dbf7.jpg,3,0.4712804,0.2755554,0.1371545,0.0926018,0.6005606
001261_jpg.rf.7b5bf5841b26d8966d6081fbc704dbf7.jpg,4,0.4714893,0.2748440,0.1365773,0.0928590,0.4671098
000336_jpg.rf.be0bfe39579236b8f1710a54065f106c.jpg,8,0.8482533,0.2730961,0.1800394,0.2809894,0.5316426
road312_png.rf.ad2229fb2f7e136d7747b9568f121af4.jpg,8,0.2923097,0.3730355,0.5178143,0.5552301,0.9403300
FisheyeCamera_1_01037_png.rf.870a2a09f0f8cb2a0b5f4a4a3b3ccadc.jpg,0,0.3128543,0.4643178,0.0201869,0.0123829,0.7098501
FisheyeCamera_1_01037_png.rf.870a2a09f0f8cb2a0b5f4a4a3b3ccadc.jpg,0,0.3721061,0.4701870,0.0226284,0.0115483,0.5537971
000512_jpg.rf.e2e180ced9b44c98c59556fef04838bd.jpg,11,0.3802894,0.4693748,0.5696986,0.7002745,0.9478118
000512_jpg.rf.e2e180ced9b44c98c59556fef04838bd.jpg,11,0.8318608,0.1980170,0.2011114,0.2486796,0.9241797
000860_jpg.rf.96ab0958df78e7af07071f6d1dd7b6e6.jpg,1,0.2928188,0.2218606,0.0133948,0.0568579,0.7219370
